date,wheat_price_change,fertilizer_idx_change,avg_temp_change,drought_idx_change,cpi_change,commodity_imp_idx_change,commodity_exp_idx_change,flour_price_change,corn_price_change,crude_oil_price_change
1990-02-01,-0.1499999999999999,5.699999999999989,-0.7468775000000001,-0.7000000000000011,0.5,0.20000000000000284,-0.6000000000000085,-0.0040000000000000036,0.39365386962799676,-0.75
1990-03-01,-0.08000000000000007,-0.5,6.1874581,-3.4000000000000004,0.5999999999999943,-0.29999999999999716,0.20000000000000284,0.0030000000000000027,3.543151855469006,-1.7199999999999989
1990-04-01,0.010000000000000231,-0.5,5.1695535,-3.1999999999999993,0.30000000000001137,-0.8000000000000114,0.29999999999999716,-0.0010000000000000009,8.661018371582003,-1.9600000000000009
1990-05-01,-0.0900000000000003,-3.299999999999997,4.3464030000000005,-0.9000000000000004,0.19999999999998863,-0.3999999999999915,0.20000000000000284,0.0030000000000000027,2.7557601928709943,-0.23000000000000043
1990-06-01,0.4500000000000002,-3.3999999999999915,6.257711999999998,0.20000000000000018,0.8000000000000114,-0.4000000000000057,-0.20000000000000284,0.0050000000000000044,-1.1810302734370026,-1.5
1990-07-01,-1.06,0.6999999999999886,1.6784380000000034,-2.0,0.5999999999999943,-0.29999999999999716,0.20000000000000284,0.0010000000000000009,-5.117874145507997,1.75
1990-08-01,-0.20999999999999996,1.9000000000000057,-0.7353450000000024,-1.7999999999999998,1.0999999999999943,2.799999999999997,0.10000000000000853,-0.0050000000000000044,-5.117874145507997,8.86
1990-09-01,-0.1200000000000001,6.400000000000006,-3.6385900000000007,1.2999999999999998,0.9000000000000057,3.200000000000003,0.3999999999999915,-0.006000000000000005,-7.479957580565994,6.199999999999999
1990-10-01,-0.029999999999999805,5.699999999999989,-7.756221999999999,-1.0999999999999996,0.9000000000000057,2.799999999999997,0.7999999999999972,-0.0050000000000000044,-2.362091064453409,2.530000000000001
1990-11-01,-0.040000000000000036,2.8000000000000114,-6.161610199999999,2.0999999999999996,0.29999999999998295,-0.5999999999999943,0.10000000000000853,-0.009000000000000008,0.0,-3.710000000000001
1990-12-01,0.009999999999999787,0.5999999999999943,-6.776942200000001,2.6000000000000005,0.5,-0.29999999999999716,-0.4000000000000057,0.0010000000000000009,2.362091064453409,-5.049999999999997
1991-01-01,0.020000000000000018,0.8000000000000114,-0.5060066000000001,0.6999999999999993,0.5,-1.4000000000000057,0.5,0.008000000000000007,3.1494522094719883,-2.0500000000000007
1991-02-01,0.0,0.09999999999999432,4.60542854,6.6,0.10000000000002274,-2.0,-0.09999999999999432,-0.009000000000000008,0.787353515625,-4.75
1991-03-01,0.10999999999999988,-0.9000000000000057,2.56866626,-7.5,0.0,0.0,-0.29999999999999716,0.0,2.7557907104500003,-0.5800000000000018
1991-04-01,0.07000000000000028,-2.1999999999999886,5.8924492,-4.3999999999999995,0.29999999999998295,-0.7999999999999972,0.19999999999998863,0.0020000000000000018,1.1810531616210085,0.9299999999999997
1991-05-01,0.04999999999999982,-2.3000000000000114,5.7401575000000005,-1.9999999999999998,0.5,-0.20000000000000284,-0.19999999999998863,-0.0020000000000000018,-4.495849609375,0.40000000000000213
1991-06-01,0.43000000000000016,-2.4000000000000057,4.4636075,-0.40000000000000013,0.4000000000000057,-0.5999999999999943,-0.30000000000001137,0.0020000000000000018,-0.6220245361329972,-1.0399999999999991
1991-07-01,-0.5800000000000001,-0.5,2.309241,0.0,0.19999999999998863,-0.6000000000000085,-0.3999999999999915,0.0020000000000000018,0.6167602539059942,1.2099999999999973
1991-08-01,0.1299999999999999,1.2000000000000028,-0.8521970000000003,0.20000000000000018,0.4000000000000057,0.29999999999999716,0.29999999999999716,-0.0010000000000000009,4.388916015625,0.2900000000000027
1991-09-01,0.16999999999999993,-0.3999999999999915,-4.341412999999999,3.6999999999999997,0.4000000000000057,0.20000000000000284,-0.4000000000000057,-0.005999999999999978,-1.2656860351559942,0.1999999999999993
1991-10-01,0.27,1.0999999999999943,-6.269615000000002,0.0,0.19999999999998863,0.7999999999999972,1.0,-0.0020000000000000018,0.6701965332029971,1.3399999999999999
1991-11-01,0.18000000000000016,-1.4000000000000057,-8.9252422,-1.7999999999999998,0.6000000000000227,0.4000000000000057,0.10000000000000853,-0.01200000000000001,-2.725456237792997,-0.7699999999999996
1991-12-01,0.18999999999999995,1.1000000000000085,-2.5095815999999997,0.5,0.39999999999997726,-0.20000000000000284,-1.0,0.0050000000000000044,-0.07718658447301152,-2.960000000000001
1992-01-01,0.10000000000000009,-1.1000000000000085,-0.8438881999999999,1.0999999999999996,0.10000000000002274,-0.29999999999999716,0.0,0.017999999999999988,2.8656768798830115,-0.7100000000000009
1992-02-01,0.23999999999999977,-0.6999999999999886,2.38075585,1.8000000000000007,0.29999999999998295,0.0,0.5999999999999943,0.0030000000000000027,4.334899902343992,0.22000000000000242
1992-03-01,-0.05999999999999961,-0.8000000000000114,3.54585555,2.0999999999999996,0.5,-0.09999999999999432,-0.09999999999999432,-0.0050000000000000044,2.7633361816410087,-0.08999999999999986
1992-04-01,-0.07000000000000028,-0.09999999999999432,4.841267599999999,-1.0,0.30000000000001137,-0.30000000000001137,0.20000000000000284,-0.0010000000000000009,-7.629455566407003,1.3099999999999987
1992-05-01,-0.009999999999999787,1.4000000000000057,5.150612000000001,4.6,0.29999999999998295,0.4000000000000057,0.29999999999999716,0.007000000000000006,0.1227722167970029,0.75
1992-06-01,-1.0900000000000003,0.29999999999999716,4.649630999999999,-4.4,0.4000000000000057,0.7999999999999972,-0.20000000000000284,-0.0010000000000000009,1.0240173339850003,1.4100000000000001
1992-07-01,0.6000000000000001,-2.5,2.004187999999999,-2.6999999999999993,0.4000000000000057,0.5,0.09999999999999432,0.008000000000000007,-7.80786895752,-0.6099999999999994
1992-08-01,-0.14000000000000012,-2.700000000000003,-1.0185199999999988,3.5999999999999996,0.30000000000001137,0.4000000000000057,-0.29999999999999716,0.0040000000000000036,-4.8541259765624005,-0.4400000000000013
1992-09-01,0.1900000000000004,0.7000000000000028,-4.153262,-2.0,0.29999999999998295,0.20000000000000284,0.29999999999999716,-0.007000000000000006,0.6767425537108949,0.5399999999999991
1992-10-01,0.020000000000000018,2.5999999999999943,-5.822384,-2.8999999999999995,0.5999999999999943,0.6999999999999886,-0.29999999999999716,-0.008000000000000007,-3.6569061279297017,-0.18999999999999773
1992-11-01,0.06999999999999984,-0.5,-7.621864400000001,-2.1,0.4000000000000057,-0.5999999999999943,-0.09999999999999432,-0.0069999999999999785,0.6128921508789062,-1.3500000000000014
1992-12-01,-0.33000000000000007,-0.20000000000000284,-4.7607879,-0.9000000000000001,0.20000000000001705,-1.5999999999999943,0.09999999999999432,-0.0010000000000000009,-1.1292419433594034,-0.9299999999999997
1993-01-01,0.41000000000000014,1.2000000000000028,-0.6922891,0.0,0.5,-0.10000000000000853,0.10000000000000853,0.00899999999999998,0.05179595947269888,-0.379999999999999
1993-02-01,-0.040000000000000036,1.9000000000000057,0.8504426999999999,0.19999999999999996,0.29999999999998295,-0.09999999999999432,0.29999999999999716,0.0,0.1588592529297017,1.0599999999999987
1993-03-01,-0.03000000000000025,1.2999999999999972,5.5465324,-0.19999999999999996,0.20000000000001705,0.5,-0.10000000000000853,-0.0040000000000000036,3.281112670898395,0.23000000000000043
1993-04-01,-0.040000000000000036,0.09999999999999432,5.421075299999999,-0.19999999999999996,0.5,0.5,0.20000000000000284,-0.00799999999999998,2.952186584472898,-0.07000000000000028
1993-05-01,-0.1499999999999999,-0.5999999999999943,6.240546,-0.09999999999999998,0.39999999999997726,0.29999999999999716,0.29999999999999716,0.00899999999999998,-1.2647018432618893,-0.3000000000000007
1993-06-01,0.3200000000000003,-1.9000000000000057,3.9992910000000013,-0.4,0.10000000000002274,-0.5,-0.19999999999998863,-0.0010000000000000009,-6.4964599609375,-0.8599999999999994
1993-07-01,-0.5800000000000001,-1.5,2.8193829999999984,-0.3,0.19999999999998863,-0.5,0.09999999999999432,-0.0010000000000000009,9.1624755859374,-1.1999999999999993
1993-08-01,0.10999999999999988,-2.799999999999997,-0.9097270000000002,1.1,0.30000000000001137,-0.09999999999999432,0.0,0.0010000000000000009,-1.5757904052730112,0.120000000000001
1993-09-01,0.14000000000000012,0.10000000000000853,-4.916251999999998,-0.4,0.19999999999998863,0.09999999999999432,-0.09999999999999432,-0.005999999999999978,0.7187805175780113,-0.5100000000000016
1993-10-01,0.1499999999999999,0.5999999999999943,-5.850466000000001,0.6,0.5999999999999943,0.4000000000000057,0.0,-0.0040000000000000036,4.735954284667997,0.6499999999999986
1993-11-01,0.2200000000000002,9.199999999999989,-7.7754627,0.6000000000000001,0.4000000000000057,-0.5,0.09999999999999432,-0.0010000000000000009,10.160827636717997,-1.5399999999999991
1993-12-01,0.1599999999999997,-6.799999999999983,-2.881777,3.3000000000000003,0.30000000000001137,-0.9000000000000057,0.29999999999999716,-0.0050000000000000044,5.301040649415,-2.09
1994-01-01,-0.04999999999999982,1.6999999999999886,-2.8830703,0.09999999999999964,0.0,0.0,0.7000000000000028,0.01100000000000001,5.486953735350994,0.5099999999999998
1994-02-01,0.020000000000000018,3.200000000000003,1.049766,-0.40000000000000036,0.39999999999997726,0.4000000000000057,0.0,-0.0030000000000000027,-3.067443847655994,-0.25
1994-03-01,0.10000000000000009,2.299999999999997,6.322265,4.5,0.4000000000000057,0.09999999999999432,0.20000000000000284,-0.0040000000000000036,-3.541717529297003,-0.09999999999999964
1994-04-01,-0.14000000000000012,4.800000000000011,5.618919,-0.5,0.09999999999999432,0.7000000000000028,0.0,0.0,-6.690559387207003,1.740000000000002
1994-05-01,-0.1299999999999999,2.9000000000000057,5.305621,3.5,0.30000000000001137,0.7999999999999972,0.29999999999999716,0.0030000000000000027,-2.8154754638669885,1.4699999999999989
1994-06-01,-0.5900000000000003,-1.1000000000000227,5.667401000000002,-1.5,0.4000000000000057,0.7999999999999972,0.0,0.0069999999999999785,1.4818420410149997,1.1699999999999982
1994-07-01,0.20000000000000018,1.200000000000017,1.8013749999999966,-0.29999999999999893,0.5,0.9000000000000057,0.20000000000000284,0.0,-13.35154724121061,0.6000000000000014
1994-08-01,0.20999999999999996,1.4000000000000057,-0.8740239999999986,-0.6000000000000014,0.5999999999999943,0.3999999999999915,0.20000000000000284,0.0020000000000000018,-2.5746765136717897,-1.2800000000000011
1994-09-01,0.31999999999999984,-0.10000000000002274,-4.311498,0.10000000000000142,0.30000000000001137,-0.3999999999999915,0.19999999999998863,-0.0010000000000000009,1.4481811523436932,-0.9299999999999997
1994-10-01,0.18999999999999995,5.300000000000011,-7.013430999999999,-5.1000000000000005,0.09999999999999432,0.7000000000000028,0.6000000000000085,-0.004999999999999977,-1.4950561523436932,0.2699999999999996
1994-11-01,-0.009999999999999787,4.300000000000011,-7.094842600000001,-2.7,0.4000000000000057,0.5999999999999943,0.7000000000000028,-0.007000000000000006,-0.5042877197266051,0.3500000000000014
1994-12-01,-0.009999999999999787,0.5,-3.47228437,-0.3999999999999999,0.29999999999998295,-0.09999999999999432,0.6999999999999886,0.0,6.949523925780994,-0.9100000000000001
1995-01-01,-0.050000000000000266,7.5,-1.29587983,0.2999999999999998,0.4000000000000057,0.29999999999999716,0.8000000000000114,0.012999999999999984,4.343536376953011,0.879999999999999
1995-02-01,-0.08000000000000007,5.399999999999977,2.1282129960000002,0.6000000000000001,0.4000000000000057,0.7000000000000028,0.5999999999999943,0.0040000000000000036,0.07888793945399186,0.5300000000000011
1995-03-01,-0.08999999999999986,4.100000000000023,2.894895204,-0.5,0.29999999999998295,0.5,0.5,0.0,2.649406433105,-0.030000000000001137
1995-04-01,-0.040000000000000036,1.8999999999999773,5.150002,0.6000000000000001,0.6000000000000227,1.0,1.0,-0.006000000000000005,0.013420104979999792,1.3599999999999994
1995-05-01,0.18999999999999995,-0.5999999999999943,5.495971600000001,-0.30000000000000027,0.29999999999998295,0.8999999999999915,0.29999999999999716,0.008000000000000007,2.2870941162110086,-0.16000000000000014
1995-06-01,-0.45999999999999996,-2.299999999999983,4.921843000000001,1.9000000000000004,0.30000000000001137,-0.3999999999999915,0.20000000000000284,0.0,8.079856872558992,-1.2899999999999991
1995-07-01,0.8899999999999997,-7.0,3.360479999999999,-1.6,0.19999999999998863,-0.30000000000001137,0.29999999999999716,0.0040000000000000036,7.302124023437003,-1.120000000000001
1995-08-01,0.16000000000000014,-8.800000000000011,-0.056505999999998835,1.9999999999999996,0.30000000000001137,-0.29999999999999716,-0.5,0.007000000000000006,-1.012481689452997,0.6900000000000013
1995-09-01,0.27000000000000046,-1.4000000000000057,-4.913696000000002,0.0,0.19999999999998863,0.0,0.10000000000000853,0.0010000000000000009,4.215934753417997,0.21000000000000085
1995-10-01,0.1899999999999995,0.700000000000017,-6.574788999999999,-2.9999999999999996,0.4000000000000057,-0.3999999999999915,0.09999999999999432,-0.0020000000000000018,10.303344726563012,-0.8000000000000007
1995-11-01,0.08999999999999986,4.599999999999994,-7.655424600000001,-0.10000000000000009,0.19999999999998863,0.19999999999998863,0.0,-0.01100000000000001,2.3958740234369884,0.5599999999999987
1995-12-01,0.07000000000000028,4.400000000000006,-4.5444996,1.9,0.20000000000001705,0.4000000000000057,-0.09999999999999432,0.0,4.976287841796989,1.0400000000000027
1996-01-01,-0.04999999999999982,5.0,-2.3642123,2.4,0.799999999999983,0.20000000000000284,0.5,0.019000000000000017,8.482208251953011,-0.1700000000000017
1996-02-01,0.15000000000000036,0.5999999999999943,3.0609016000000002,4.2,0.30000000000001137,-0.20000000000000284,-0.20000000000000284,0.0,8.04150390625,0.23000000000000043
1996-03-01,0.08999999999999986,3.4000000000000057,2.8567922,4.300000000000001,0.5,0.5999999999999943,-0.10000000000000853,0.01200000000000001,6.248916625976989,2.2399999999999984
1996-04-01,0.25,-0.9000000000000057,6.3292972999999995,1.3000000000000007,0.5999999999999943,0.9000000000000057,0.6000000000000085,-0.008000000000000007,18.07188415527301,2.1700000000000017
1996-05-01,0.4299999999999997,-2.5999999999999943,6.458167400000001,-0.5000000000000018,0.30000000000001137,-0.7000000000000028,0.3999999999999915,0.015000000000000013,14.965896606445995,-2.3299999999999983
1996-06-01,-1.9100000000000001,-6.0,4.985498,0.20000000000000107,0.29999999999998295,-1.0999999999999943,-0.19999999999998863,0.01599999999999996,-7.359619140625,-0.75
1996-07-01,0.8900000000000006,-4.800000000000011,2.196864999999999,-6.200000000000001,0.30000000000001137,-0.10000000000000853,-0.5,0.01100000000000001,0.9806823730470171,0.879999999999999
1996-08-01,-0.16000000000000014,-1.5999999999999943,-1.1078939999999982,-2.3,0.19999999999998863,0.10000000000000853,-0.20000000000000284,0.006000000000000005,-10.799926757813012,0.5999999999999979
1996-09-01,-0.20000000000000018,0.5999999999999943,-5.145594000000001,-4.0,0.5,1.0999999999999943,-0.7999999999999972,-0.006000000000000005,-41.58088684082,2.0700000000000003
1996-10-01,-0.20000000000000018,7.300000000000011,-6.542192999999999,-1.2999999999999998,0.5,0.6000000000000085,-0.30000000000001137,-0.015000000000000013,-16.630386352539006,0.9100000000000001
1996-11-01,-0.07000000000000028,2.0,-7.227327100000001,-0.8,0.5,-0.20000000000000284,-0.3999999999999915,0.0020000000000000018,-11.471954345702997,-1.1699999999999982
1996-12-01,-0.040000000000000036,6.0,-3.4456083,0.40000000000000013,0.4000000000000057,0.29999999999999716,0.0,-0.0030000000000000027,-0.3018264770509944,1.5199999999999996
1997-01-01,-0.040000000000000036,1.799999999999983,-2.3715215999999995,-0.9000000000000001,0.30000000000001137,-0.29999999999999716,0.09999999999999432,0.017000000000000015,1.8601531982420028,-0.10000000000000142
1997-02-01,-0.12999999999999945,2.200000000000017,4.193068405999999,0.7,0.29999999999998295,-1.0,0.20000000000000284,-0.0010000000000000009,3.0510330200189912,-2.9499999999999993
1997-03-01,0.040000000000000036,0.6999999999999886,3.367843994,0.0,0.10000000000002274,-1.2000000000000028,0.09999999999999432,-0.0030000000000000027,6.114379882812997,-1.2100000000000009
1997-04-01,0.16999999999999948,-0.09999999999999432,3.5691833000000006,-0.7,0.09999999999999432,-1.2000000000000028,0.0,-0.0010000000000000009,-3.147705078125,-1.2699999999999996
1997-05-01,-0.019999999999999574,-2.0999999999999943,6.7671763,-0.09999999999999998,0.0,0.0,-0.19999999999998863,0.006000000000000005,-6.1020660400389914,1.120000000000001
1997-06-01,1.17,-5.200000000000017,5.26013,0.6,0.29999999999998295,0.0,-0.20000000000000284,0.0,-6.029434204102003,-1.5599999999999987
1997-07-01,-2.02,-5.099999999999994,2.6105899999999984,0.40000000000000013,0.20000000000001705,-0.29999999999999716,0.0,-0.0010000000000000009,-6.1606521606440054,0.3999999999999986
1997-08-01,0.33000000000000007,-0.6999999999999886,-0.9742879999999978,0.8999999999999999,0.4000000000000057,-0.09999999999999432,0.0,-0.0020000000000000018,5.530296325683011,0.28999999999999915
1997-09-01,0.10000000000000009,-1.200000000000017,-3.2259320000000002,-0.6000000000000001,0.39999999999997726,0.0,-0.29999999999999716,-0.0020000000000000018,0.285888671875,-0.14999999999999858
1997-10-01,-0.08000000000000007,-4.599999999999994,-8.228927,3.4,0.30000000000001137,0.19999999999998863,-0.4000000000000057,-0.01100000000000001,8.007308959960994,1.5299999999999976
1997-11-01,-0.040000000000000036,-2.6999999999999886,-6.454300400000001,-3.0,0.19999999999998863,-0.5,0.0,-0.01100000000000001,-2.8394546508790057,-1.139999999999997
1997-12-01,-0.10000000000000009,-4.800000000000011,-4.838552399999999,0.40000000000000036,0.10000000000002274,-0.8999999999999915,-0.5,-0.003999999999999948,-3.800399780272997,-1.860000000000003
1998-01-01,-0.1200000000000001,-1.9000000000000057,0.395416,-1.7000000000000002,0.19999999999998863,-1.2999999999999972,-0.7000000000000028,0.019999999999999962,0.7628936767579972,-1.6099999999999994
1998-02-01,-0.04999999999999982,-2.0,2.3896574,0.0,0.0,-0.9000000000000057,-0.29999999999999716,-0.0020000000000000018,-0.7485198974609943,-0.6600000000000001
1998-03-01,0.06000000000000005,-0.19999999999998863,2.1895164,0.3999999999999999,0.0,-0.9000000000000057,-0.29999999999999716,0.0050000000000000044,0.2217025756829969,-0.9399999999999995
1998-04-01,-0.1499999999999999,-3.0999999999999943,5.823770999999999,-0.4999999999999999,0.19999999999998863,-0.19999999999998863,-0.4000000000000057,-0.0040000000000000036,-7.15258026123,0.23000000000000043
1998-05-01,-0.1200000000000001,2.1999999999999886,6.3375330000000005,1.2000000000000002,0.4000000000000057,-0.20000000000000284,0.10000000000000853,0.010000000000000009,-0.7209320068359943,-0.4399999999999995
1998-06-01,0.45999999999999996,-0.30000000000001137,3.6857500000000005,-0.9000000000000001,0.20000000000001705,-0.6000000000000085,-0.5,-0.0030000000000000027,-4.2152328491210085,-1.1899999999999995
1998-07-01,-0.96,-2.299999999999983,3.8747860000000003,1.3,0.39999999999997726,-0.7999999999999972,-0.4000000000000057,0.0020000000000000018,-0.8472137451169885,0.4499999999999993
1998-08-01,-0.18000000000000016,-4.200000000000017,-1.2895010000000013,-1.1,0.20000000000001705,-0.29999999999999716,-0.5,0.0030000000000000027,-12.546272277832301,-0.6999999999999993
1998-09-01,0.010000000000000231,-4.299999999999983,-2.914722000000001,2.4,0.09999999999999432,0.20000000000000284,-0.5,-0.0050000000000000044,-2.643760681152301,1.5599999999999987
1998-10-01,0.3799999999999999,-1.5,-8.002136999999998,-1.4,0.4000000000000057,0.09999999999999432,-0.09999999999999432,-0.0040000000000000036,9.7803115844726,-0.5699999999999985
1998-11-01,0.18000000000000016,-3.3000000000000114,-6.0364146000000005,0.3999999999999999,0.19999999999998863,-0.5,0.19999999999998863,-0.014000000000000012,1.8897705078125,-1.4600000000000009
1998-12-01,-0.0900000000000003,-2.6999999999999886,-5.4270641,2.8,0.30000000000001137,-0.7999999999999972,-0.09999999999999432,-0.007999999999999952,-2.0597686767577983,-1.6500000000000004
1999-01-01,-0.020000000000000018,-0.8000000000000114,-1.4994477,-1.9999999999999996,0.29999999999998295,0.29999999999999716,0.0,0.01799999999999996,2.127113342285199,1.17
1999-02-01,-0.10999999999999988,0.10000000000000853,2.64483912,0.9999999999999996,0.0,-0.09999999999999432,-0.20000000000000284,-0.0040000000000000036,-2.887869056552603,-0.5099999999999998
1999-03-01,-0.08000000000000007,1.2999999999999972,2.6463655800000003,1.1000000000000005,0.10000000000002274,0.29999999999999716,-0.3999999999999915,-0.0040000000000000036,1.862445354895499,2.67
1999-04-01,-0.029999999999999805,0.7000000000000028,5.550806700000001,-2.5,1.0999999999999943,0.9000000000000057,0.19999999999998863,-0.006000000000000005,-2.3879715487282027,2.629999999999999
1999-05-01,-0.1299999999999999,-2.799999999999997,5.486236999999999,0.3999999999999999,0.09999999999999432,0.6999999999999886,0.10000000000000853,0.02300000000000002,-1.32141285926879,0.41000000000000014
1999-06-01,0.2799999999999998,-1.9000000000000057,5.2140640000000005,1.8000000000000003,0.0,-0.19999999999998863,0.0,-0.0030000000000000027,0.22994616071429164,0.20000000000000284
1999-07-01,-0.5499999999999998,-3.5,3.105447999999999,0.5,0.6999999999999886,0.8999999999999915,-0.10000000000000853,0.0050000000000000044,-9.3486087946428,2.1799999999999997
1999-08-01,0.3099999999999996,-0.4000000000000057,-0.872166,-0.7000000000000002,0.4000000000000057,1.0,0.30000000000001137,0.0030000000000000027,2.783511696428505,1.1799999999999997
1999-09-01,0.050000000000000266,1.9000000000000057,-4.868729999999999,-1.6,0.700000000000017,1.0,0.09999999999999432,-0.0010000000000000009,0.7390061437074991,2.5199999999999996
1999-10-01,-0.010000000000000231,5.700000000000003,-6.455296000000001,4.6,0.29999999999998295,0.20000000000000284,0.29999999999999716,-0.02200000000000002,-1.4704496704931955,-1.1099999999999994
1999-11-01,0.0900000000000003,-0.20000000000000284,-4.682188999999999,3.5,0.30000000000001137,0.7000000000000028,0.20000000000000284,-0.01599999999999996,-0.2411305753112032,2.3099999999999987
1999-12-01,-0.14000000000000012,1.9000000000000057,-6.6195736,2.5,0.4000000000000057,0.7000000000000028,0.0,-0.0050000000000000044,1.813497053882699,1.1000000000000014
2000-01-01,-0.010000000000000231,3.8999999999999915,-0.8279772000000001,1.3000000000000007,0.5,0.3999999999999915,0.20000000000000284,0.01899999999999996,5.7304372714284995,1.1600000000000001
2000-02-01,0.03000000000000025,4.3999999999999915,4.151389200000001,-1.0999999999999996,0.6999999999999886,1.9000000000000057,0.3999999999999915,-0.01899999999999996,2.1283440848214923,2.1099999999999994
2000-03-01,0.04999999999999982,3.0,2.9119726,7.6,1.0,0.20000000000000284,0.4000000000000057,0.01799999999999996,0.0877320655357039,0.46999999999999886
2000-04-01,-0.020000000000000018,1.3000000000000114,4.1649020000000005,1.6999999999999993,-0.09999999999999432,-1.4000000000000057,0.0,-0.0020000000000000018,0.37002184607139554,-4.120000000000001
2000-05-01,0.020000000000000018,-0.30000000000001137,6.066709999999999,-3.1999999999999993,0.29999999999998295,0.29999999999999716,0.20000000000000284,0.019000000000000017,-0.008822058928600995,3.0700000000000003
2000-06-01,-0.08999999999999986,3.5,4.250781999999999,-6.0,1.0,1.4000000000000057,-0.10000000000000853,0.0030000000000000027,-11.491036389455687,3.030000000000001
2000-07-01,-0.18000000000000016,9.0,2.4564090000000007,0.09999999999999964,0.5,0.0,-0.09999999999999432,0.0,-8.982139290816406,-2.120000000000001
2000-08-01,0.08000000000000007,1.0,-0.35040099999999796,-1.5,0.0,0.20000000000000284,-0.20000000000000284,-0.0010000000000000009,0.18315593027209331,1.5600000000000023
2000-09-01,0.03000000000000025,4.300000000000011,-4.876144,-0.7999999999999989,0.9000000000000057,1.1999999999999886,0.6000000000000085,-0.0010000000000000009,4.910045125939902,2.620000000000001
2000-10-01,0.25,5.300000000000011,-6.419377000000001,-3.1000000000000014,0.30000000000001137,-0.3999999999999915,-0.10000000000000853,0.0030000000000000027,4.556698135964908,-0.7700000000000031
2000-11-01,0.13999999999999968,3.799999999999983,-8.849999,-2.999999999999999,0.29999999999998295,0.0,0.0,-0.043999999999999984,4.229833423469401,1.3100000000000023
2000-12-01,0.050000000000000266,9.0,-4.9028354,4.2,0.4000000000000057,-0.7000000000000028,-0.20000000000000284,0.013000000000000012,7.287095931167201,-5.98
2001-01-01,-0.03000000000000025,38.5,1.3440317999999998,2.299999999999999,1.0,0.0,0.20000000000000284,0.02899999999999997,-1.9269704887218069,1.1499999999999986
2001-02-01,-0.009999999999999787,9.5,1.2578096,1.200000000000001,0.4000000000000057,-0.5999999999999943,-0.09999999999999432,0.0030000000000000027,-1.9197184492481938,0.019999999999999574
2001-03-01,0.040000000000000036,-1.799999999999983,3.2612715000000003,-2.0999999999999996,0.09999999999999432,-1.6000000000000085,-0.20000000000000284,0.0050000000000000044,-1.365361249999907,-2.3599999999999994
2001-04-01,-0.010000000000000231,-14.0,6.9798355,1.1999999999999993,0.30000000000001137,-0.5,-0.09999999999999432,-0.035999999999999976,-3.4670870535714045,0.23999999999999844
2001-05-01,0.1200000000000001,-15.800000000000011,5.466244,1.4000000000000004,0.9000000000000057,0.20000000000000284,-0.30000000000001137,0.033999999999999975,-2.4675434311224933,1.1400000000000006
2001-06-01,-0.48,-15.900000000000006,4.762405999999999,1.9999999999999982,0.39999999999997726,-0.4000000000000057,-0.19999999999998863,0.0030000000000000027,-1.9168571003400956,-1.0299999999999976
2001-07-01,0.1299999999999999,-11.5,2.5236920000000005,-2.1999999999999993,-0.29999999999998295,-1.5,-0.4000000000000057,0.0020000000000000018,7.594003557256201,-1.1700000000000017
2001-08-01,0.11000000000000032,-10.299999999999983,-0.2350829999999995,0.7000000000000011,0.0,-0.09999999999999432,-0.20000000000000284,0.0030000000000000027,2.1243620945479904,0.9400000000000013
2001-09-01,0.10999999999999988,-4.400000000000006,-4.758326,-0.9000000000000004,0.6999999999999886,-0.09999999999999432,0.20000000000000284,-0.02200000000000002,-3.1350431513566974,-1.1700000000000017
2001-10-01,0.020000000000000018,-7.300000000000011,-7.278886,-2.3000000000000007,-0.5,-2.200000000000003,-0.7000000000000028,0.013000000000000012,-3.476249356407294,-4.029999999999998
2001-11-01,0.0,-4.699999999999989,-4.5504869999999995,-2.299999999999999,-0.09999999999999432,-1.4000000000000057,-0.5,-0.02300000000000002,3.6148151106365987,-2.530000000000001
2001-12-01,0.009999999999999787,-1.9000000000000057,-6.333338899999999,5.0,-0.09999999999999432,-0.8999999999999915,-0.20000000000000284,-0.0040000000000000036,2.4289609269957992,-0.25
2002-01-01,-0.009999999999999787,-0.6999999999999886,0.06938919999999982,0.6999999999999993,0.29999999999998295,0.19999999999998863,-0.09999999999999432,0.03700000000000003,-0.3445545813325026,0.3299999999999983
2002-02-01,-0.040000000000000036,-1.200000000000017,0.6365655400000001,4.799999999999999,0.30000000000001137,0.0,-0.20000000000000284,-0.0010000000000000009,-1.2387667427497036,1.0
2002-03-01,0.040000000000000036,-1.8999999999999915,2.4106252599999998,1.0,0.5,1.2000000000000028,0.29999999999999716,-0.008000000000000007,-0.8702447368420962,3.8100000000000023
2002-04-01,-0.040000000000000036,-1.1000000000000085,7.2761999,7.900000000000002,0.8000000000000114,1.5,0.4000000000000057,-0.0030000000000000027,-2.751301339285803,1.6499999999999986
2002-05-01,-0.020000000000000018,1.9000000000000057,4.563879,0.5999999999999979,0.19999999999998863,0.10000000000000853,0.0,0.016000000000000014,3.2246572491497005,0.8599999999999994
2002-06-01,-0.06999999999999984,4.0,6.419697000000001,3.0,0.09999999999999432,-0.30000000000001137,0.0,0.0020000000000000018,2.8384951169218056,-1.5199999999999996
2002-07-01,0.46999999999999975,-0.5,2.621845999999998,-2.5,0.4000000000000057,0.4000000000000057,0.29999999999999716,-0.0050000000000000044,6.53020254464289,1.4499999999999993
2002-08-01,0.41999999999999993,0.5,-1.7573359999999987,0.10000000000000142,0.5,0.29999999999999716,0.20000000000000284,0.0020000000000000018,10.190999107142503,1.4200000000000017
2002-09-01,0.5800000000000001,-1.4000000000000057,-3.4046650000000014,-2.8000000000000007,0.30000000000001137,0.7000000000000028,0.29999999999999716,0.0,4.05045241071501,1.2699999999999996
2002-10-01,0.16999999999999993,2.9000000000000057,-8.332493,-2.599999999999998,0.39999999999997726,0.0,-0.09999999999999432,-0.03300000000000003,-4.294644263199004,-0.8200000000000003
2002-11-01,-0.1299999999999999,4.400000000000006,-5.6506232,-5.400000000000002,0.30000000000001137,-0.9000000000000057,0.09999999999999432,0.0020000000000000018,-1.000380558230006,-2.4899999999999984
2002-12-01,-0.1900000000000004,3.6999999999999886,-4.0764392,-4.699999999999999,0.30000000000001137,0.6000000000000085,-0.20000000000000284,0.0010000000000000009,-1.63378089285699,3.1099999999999994
2003-01-01,-0.16999999999999948,9.300000000000011,-1.6856015999999998,1.0999999999999996,0.799999999999983,1.7000000000000028,0.30000000000001137,0.02400000000000002,-1.1683923596940105,3.490000000000002
2003-02-01,-0.18999999999999995,12.699999999999989,0.6910576999999998,-4.1,1.0,1.5999999999999943,0.5999999999999943,-0.017000000000000015,0.29682383786800415,2.8799999999999955
2003-03-01,-0.15000000000000036,19.400000000000006,4.5393278,-3.5999999999999996,0.30000000000001137,0.5999999999999943,0.20000000000000284,0.020000000000000018,-1.0092010487520042,-2.3200000000000003
2003-04-01,-0.17999999999999972,5.699999999999989,5.8748055,-1.4000000000000004,-0.700000000000017,-3.0999999999999943,-0.10000000000000853,-0.0010000000000000009,0.20621445578200337,-5.339999999999996
2003-05-01,-0.040000000000000036,-4.599999999999994,5.275967,-1.5999999999999996,-0.29999999999998295,-0.7000000000000028,0.10000000000000853,0.009000000000000008,2.5683073129250005,-0.060000000000002274
2003-06-01,-0.41000000000000014,-6.5,4.653456000000002,-1.6000000000000005,0.19999999999998863,0.9000000000000057,-0.20000000000000284,0.0,-0.8810981292519955,2.5500000000000007
2003-07-01,0.03000000000000025,-3.799999999999983,3.771403999999997,1.7999999999999998,0.5999999999999943,0.5,-0.09999999999999432,0.0010000000000000009,-9.3546375850336,0.10000000000000142
2003-08-01,0.3999999999999999,2.0,-0.8262319999999974,0.3000000000000007,0.8000000000000114,0.0,0.0,0.0010000000000000009,2.678913248299594,0.8099999999999987
2003-09-01,0.040000000000000036,2.5999999999999943,-5.517728999999999,1.1999999999999993,0.5999999999999943,-0.5,0.3999999999999915,-0.01200000000000001,2.888877057822995,-3.2600000000000016
2003-10-01,0.04999999999999982,2.299999999999983,-4.710612000000001,-0.8999999999999995,-0.19999999999998863,0.09999999999999432,0.20000000000000284,-0.029000000000000026,0.9674962806860066,2.030000000000001
2003-11-01,0.16999999999999993,1.3000000000000114,-8.3608153,0.0,0.09999999999999432,0.5,0.5,-0.0030000000000000027,3.894533321154995,0.7699999999999996
2003-12-01,0.07000000000000028,3.5999999999999943,-4.3565708,0.8999999999999995,0.5,0.7000000000000028,0.29999999999999716,0.0020000000000000018,3.891724712516009,1.0200000000000031
2004-01-01,0.0,7.0,-3.0334429,1.8000000000000007,0.8000000000000114,1.5,0.7000000000000028,0.020000000000000018,4.253378707184993,2.1799999999999997
2004-02-01,0.08999999999999986,5.800000000000011,2.4977393,-1.3000000000000007,0.39999999999997726,0.4000000000000057,0.7000000000000028,-0.0050000000000000044,6.686840841687001,0.37999999999999545
2004-03-01,0.06000000000000005,0.9000000000000057,6.5221357,3.5,0.4000000000000057,0.7999999999999972,0.7999999999999972,-0.0020000000000000018,5.527765740438014,2.0500000000000043
2004-04-01,0.04999999999999982,0.8999999999999773,4.575974,-3.1999999999999993,0.30000000000001137,0.20000000000000284,0.7000000000000028,-0.017000000000000015,4.9793047840879865,0.00999999999999801
2004-05-01,-0.06000000000000005,-5.599999999999994,5.852316,-1.3000000000000007,0.799999999999983,1.5,0.3999999999999915,0.014000000000000012,-4.154283945577987,3.530000000000001
2004-06-01,-0.7399999999999998,3.0999999999999943,4.068830999999999,-1.5,0.700000000000017,-0.20000000000000284,-0.6999999999999886,0.015000000000000013,-6.006464693878016,-2.25
2004-07-01,0.29000000000000004,2.5,2.451827999999999,-1.5999999999999996,0.19999999999998863,0.3999999999999915,0.5,0.01200000000000001,-18.784262244897988,2.75
2004-08-01,-0.10000000000000009,5.800000000000011,-1.4768499999999989,1.0,0.09999999999999432,1.5,-0.5,0.0,-0.4013512755100095,4.119999999999997
2004-09-01,0.08999999999999986,0.30000000000001137,-3.6685049999999997,-2.5,0.6000000000000227,0.5,0.3999999999999915,-0.017000000000000015,-6.366232227891203,1.0399999999999991
2004-10-01,0.07000000000000028,7.699999999999989,-5.792929000000001,-1.0,1.0,1.7000000000000028,0.6000000000000085,-0.008000000000000007,-4.311756802721092,7.340000000000003
2004-11-01,0.029999999999999805,3.5,-6.8172394999999995,0.7,0.8999999999999773,-0.29999999999999716,0.29999999999999716,-0.008000000000000007,0.34336186895819765,-4.810000000000002
2004-12-01,-0.06000000000000005,2.5999999999999943,-4.9785114,-0.5,0.0,-1.5,0.09999999999999432,-0.006000000000000005,1.850010069817401,-5.32
2005-01-01,0.03000000000000025,0.09999999999999432,-1.1717586,-0.19999999999999996,-0.09999999999999432,0.5999999999999943,0.7999999999999972,0.040000000000000036,0.4302383418366986,3.690000000000005
2005-02-01,-0.07000000000000028,-0.5999999999999943,2.2311727439999998,2.7,0.8000000000000114,0.9000000000000057,0.10000000000000853,0.0010000000000000009,-1.6793651409774952,1.3099999999999952
2005-03-01,0.06000000000000005,-0.799999999999983,3.251091056,-1.1,0.6999999999999886,2.299999999999997,0.7000000000000028,0.0,5.654617445399495,6.039999999999999
2005-04-01,-0.06999999999999984,7.799999999999983,5.546206700000001,-0.5,0.5999999999999943,1.0,0.5,-0.0040000000000000036,-3.5431392857145028,-1.2100000000000009
2005-05-01,-0.040000000000000036,3.8000000000000114,5.361784999999999,-0.20000000000000018,-0.09999999999999432,-0.8999999999999915,-0.20000000000000284,0.007000000000000006,-1.1060593537415002,-3.1499999999999986
2005-06-01,0.23999999999999977,2.4000000000000057,5.474955999999999,0.10000000000000009,0.09999999999999432,1.2999999999999972,0.0,0.008000000000000007,2.250464370748304,6.520000000000003
2005-07-01,-0.34999999999999964,-4.400000000000006,3.054970000000001,1.4,1.200000000000017,1.2999999999999972,0.09999999999999432,0.0030000000000000027,8.049010357142706,2.6499999999999986
2005-08-01,0.040000000000000036,-0.9000000000000057,-1.232015999999998,1.8000000000000003,1.1999999999999886,1.5999999999999943,-0.20000000000000284,0.0010000000000000009,-6.377650714285608,5.989999999999995
2005-09-01,0.11999999999999966,8.5,-3.5653900000000007,-0.10000000000000053,2.700000000000017,2.3000000000000114,0.9000000000000057,-0.01200000000000001,-2.215868061224498,0.6000000000000085
2005-10-01,0.07000000000000028,20.0,-7.342192000000001,3.1000000000000005,0.29999999999998295,0.09999999999999432,0.7999999999999972,-0.018000000000000016,4.480477721088093,-3.3300000000000054
2005-11-01,0.020000000000000018,10.899999999999977,-7.056048499999999,1.3999999999999995,-1.0,-2.200000000000003,-0.7000000000000028,-0.013000000000000012,-5.571539659863589,-3.9399999999999977
2005-12-01,0.07999999999999963,12.400000000000034,-5.1441103,2.3000000000000007,0.0,0.0,0.10000000000000853,0.0050000000000000044,6.696345782312591,1.0899999999999963
2006-01-01,-0.009999999999999787,5.399999999999977,1.3558626400000002,-0.20000000000000107,1.200000000000017,1.4000000000000057,0.7999999999999972,0.025000000000000022,0.11435528911600557,6.079999999999998
2006-02-01,0.14000000000000012,-12.0,-0.49066657,0.7000000000000011,0.09999999999999432,-0.9000000000000057,0.09999999999999432,-0.0020000000000000018,4.146094567668996,-3.8599999999999923
2006-03-01,0.1299999999999999,-8.099999999999966,3.34683803,-2.700000000000001,0.29999999999998295,-0.09999999999999432,0.20000000000000284,0.0,-1.984421710525993,1.0599999999999952
2006-04-01,0.020000000000000018,-8.200000000000045,7.2840907,0.10000000000000142,1.0,2.3999999999999915,0.7999999999999972,-0.006000000000000005,2.9582670112779965,6.75
2006-05-01,0.2799999999999998,-4.999999999999972,5.292795,10.5,0.6000000000000227,2.1000000000000085,0.8000000000000114,0.01100000000000001,2.714334774435997,1.4000000000000057
2006-06-01,-0.8599999999999999,-8.700000000000017,4.969869000000001,0.3000000000000007,0.5,0.09999999999999432,0.7999999999999972,0.0050000000000000044,-1.0123255102039934,0.10999999999999943
2006-07-01,0.6499999999999999,-10.799999999999983,2.937829999999998,3.5,1.0999999999999943,0.9000000000000057,0.3999999999999915,0.0030000000000000027,4.693253545917997,3.4599999999999937
2006-08-01,0.03000000000000025,-3.5999999999999943,-1.9733409999999978,-7.100000000000001,0.9000000000000057,0.5999999999999943,0.5,0.0020000000000000018,0.9716791071430038,-1.3699999999999903
2006-09-01,0.14999999999999947,-3.1000000000000227,-5.0440819999999995,-5.5,-1.0,-2.5999999999999943,-0.3999999999999915,0.0,4.992605357142992,-9.240000000000009
2006-10-01,0.5300000000000002,3.0,-6.3824200000000015,-1.1999999999999993,-0.9000000000000057,-2.9000000000000057,-0.29999999999999716,-0.020000000000000018,21.99251607142901,-4.909999999999997
2006-11-01,0.0,0.30000000000001137,-6.363525,-1.3000000000000007,0.09999999999999432,0.5,0.3999999999999915,-0.0040000000000000036,21.843990535714,0.18999999999999773
2006-12-01,-0.07000000000000028,4.5,-3.5460072,-1.2000000000000002,1.0999999999999943,1.2999999999999972,0.7000000000000028,0.0010000000000000009,-3.3856664285709996,2.8800000000000026
2007-01-01,0.010000000000000675,11.5,-2.8625208,4.6000000000000005,0.3370000000000175,-1.3999999999999915,0.5,0.02799999999999997,4.439284163532989,-7.450000000000003
2007-02-01,0.17999999999999972,12.399999999999977,0.6881010000000001,-2.200000000000001,0.7889999999999873,0.3999999999999915,0.9000000000000057,0.010000000000000009,12.224866541354004,4.770000000000003
2007-03-01,0.040000000000000036,15.200000000000045,6.581525,0.40000000000000036,1.0620000000000118,1.8000000000000114,0.7999999999999972,0.0010000000000000009,-7.80161579842499,1.1599999999999966
2007-04-01,0.13999999999999968,11.299999999999955,4.388124,-1.0999999999999996,0.6159999999999854,1.5999999999999943,0.5,-0.0030000000000000027,-16.952702942177012,3.539999999999999
2007-05-01,-0.009999999999999787,-1.5,6.590247999999999,3.3000000000000007,0.8509999999999991,1.0999999999999943,0.29999999999999716,-0.0030000000000000027,7.5085921428569975,-0.519999999999996
2007-06-01,-0.8999999999999999,1.2000000000000455,4.828270999999999,2.1999999999999993,0.4790000000000134,1.4000000000000057,0.5,-0.0010000000000000009,4.398105555556015,4.029999999999994
2007-07-01,1.19,-1.1000000000000227,2.5731610000000025,3.5,0.3689999999999998,1.5,0.09999999999999432,0.0030000000000000027,-17.320863168338008,6.63000000000001
2007-08-01,0.46999999999999975,-8.199999999999989,-0.2899560000000001,3.8999999999999986,0.06399999999999295,-0.4000000000000057,0.20000000000000284,0.0020000000000000018,3.8143843984969976,-1.7600000000000051
2007-09-01,1.12,-1.1999999999999886,-4.731328000000001,-1.1999999999999993,0.8799999999999955,0.7000000000000028,0.4000000000000057,0.0050000000000000044,9.09424586466099,7.560000000000002
2007-10-01,0.8900000000000006,12.599999999999966,-6.359555,-6.899999999999999,0.6430000000000007,1.7999999999999972,0.8999999999999915,-0.0050000000000000044,3.9890721477610214,5.8799999999999955
2007-11-01,-0.2600000000000007,6.300000000000011,-6.808571999999999,3.8000000000000007,1.6440000000000055,3.9000000000000057,1.1000000000000085,0.03300000000000003,6.9998396661490005,8.969999999999999
2007-12-01,0.3200000000000003,23.0,-6.0880511,-9.700000000000001,0.61099999999999,-0.20000000000000284,0.5999999999999943,0.010000000000000009,9.169320262604998,-3.0799999999999983
2008-01-01,0.25,24.100000000000023,-2.0501363,0.40000000000000036,0.7290000000000134,1.8999999999999915,1.4000000000000057,0.022999999999999965,26.275540667846002,1.2800000000000011
2008-02-01,2.1399999999999997,9.899999999999977,1.9662973999999998,-1.1000000000000005,0.5130000000000052,0.30000000000001137,1.0999999999999943,0.03400000000000003,13.488793421053003,2.4200000000000017
2008-03-01,0.40000000000000036,20.0,4.4876766,0.7000000000000002,0.7609999999999957,4.0,2.0,0.033999999999999975,13.878331541352992,10.060000000000002
2008-04-01,-0.40000000000000036,13.300000000000011,5.3173554,-0.5,0.4939999999999998,3.8000000000000114,0.6000000000000085,0.029000000000000026,12.715933214285997,7.1299999999999955
2008-05-01,-1.2300000000000004,28.80000000000001,5.729172000000001,-0.7000000000000002,1.2659999999999911,3.8999999999999773,0.3999999999999915,0.016000000000000014,-3.1100889285710025,12.820000000000007
2008-06-01,-3.839999999999999,27.299999999999955,5.807922,2.2,2.2549999999999955,4.300000000000011,1.2999999999999972,-0.0050000000000000044,43.60029732142797,8.47999999999999
2008-07-01,2.12,35.900000000000034,2.3561489999999985,-1.1000000000000005,1.5529999999999973,2.0,1.9000000000000057,0.015000000000000013,-19.99061681122396,-0.5099999999999909
2008-08-01,0.45999999999999996,18.099999999999966,-1.188723999999997,-4.8,-0.3259999999999934,-4.5,-2.0999999999999943,-0.0050000000000000044,-31.981987414966028,-16.700000000000003
2008-09-01,-0.1800000000000006,16.30000000000001,-3.9925000000000033,2.9000000000000004,0.18700000000001182,-5.199999999999989,-1.0,-0.007000000000000006,-1.213853273809974,-12.560000000000002
2008-10-01,-0.7799999999999994,-9.899999999999977,-7.384768999999999,8.299999999999999,-1.882000000000005,-8.200000000000017,-2.6000000000000085,-0.01100000000000001,-50.920910501701,-27.5
2008-11-01,-0.3600000000000003,-44.10000000000002,-5.8978706,-0.7999999999999989,-3.842000000000013,-9.599999999999994,-3.8999999999999915,-0.027000000000000024,-18.720302681072013,-19.299999999999997
2008-12-01,-0.33999999999999986,-43.099999999999966,-5.7951054,-7.800000000000001,-1.7549999999999955,-5.5,-2.6000000000000085,0.010000000000000009,-5.3946032457980095,-16.190000000000005
2009-01-01,0.25,-52.10000000000002,-1.372175,1.1000000000000005,0.5349999999999966,-1.5,0.7999999999999972,0.013000000000000012,14.38533296768702,0.5900000000000034
2009-02-01,-0.41000000000000014,-40.0,3.25782787,0.8999999999999995,0.7720000000000198,0.0,-0.29999999999999716,-0.008000000000000007,-9.895169416100003,-2.6199999999999974
2009-03-01,-0.08000000000000007,-25.5,3.14604363,-2.0,-0.21000000000000796,0.5999999999999943,-0.7999999999999972,-0.006000000000000005,1.1770698412699971,8.849999999999994
2009-04-01,0.040000000000000036,15.100000000000023,5.5772165,-1.2999999999999998,0.21399999999999864,1.2000000000000028,0.5999999999999943,-0.018000000000000016,4.218875085034,1.7100000000000009
2009-05-01,0.09999999999999964,-15.900000000000034,6.615891000000001,-0.09999999999999964,0.3129999999999882,2.0,0.5,0.030000000000000027,11.27430670068,9.380000000000003
2009-06-01,1.7700000000000005,-27.899999999999977,4.146552,0.20000000000000018,1.7680000000000007,3.200000000000003,1.2000000000000028,0.0010000000000000009,-0.6764175000000137,10.61
2009-07-01,-2.45,-14.800000000000011,2.6517029999999977,-0.20000000000000018,-0.06399999999999295,-0.7000000000000028,-0.3999999999999915,0.0030000000000000027,-27.593539285714,-5.489999999999995
2009-08-01,-0.3200000000000003,-3.8000000000000114,-1.1112629999999974,1.0,0.7189999999999941,1.7999999999999972,0.6999999999999886,-0.0020000000000000018,0.23603886054399936,6.8999999999999915
2009-09-01,-0.3699999999999992,-11.199999999999989,-3.2892469999999996,3.1000000000000005,0.4159999999999968,0.20000000000000284,-0.19999999999998863,-0.007000000000000006,-1.4435011904759847,-1.6400000000000006
2009-10-01,-0.010000000000000675,8.599999999999994,-8.598701000000002,-2.500000000000001,0.6479999999999961,1.0,0.0,-0.010000000000000009,16.686328401359987,6.310000000000002
2009-11-01,0.3200000000000003,3.200000000000017,-4.666142399999999,2.2,0.7250000000000227,1.7999999999999972,1.0,-0.04199999999999998,4.407733082707011,2.269999999999996
2009-12-01,0.08000000000000007,-1.200000000000017,-7.187097100000001,-3.7,0.11299999999999955,0.30000000000001137,0.7999999999999972,0.006000000000000005,-7.074034868420995,-3.519999999999996
2010-01-01,0.03000000000000025,10.200000000000017,-0.6148941999999997,-3.3,0.14099999999999113,1.5,1.0,0.02699999999999997,2.7228111842109968,3.8599999999999994
2010-02-01,-0.16999999999999993,13.599999999999966,1.4699823999999997,1.0,-0.20699999999999363,-0.10000000000000853,-0.4000000000000057,0.0050000000000000044,-5.428669548872989,-1.9399999999999977
2010-03-01,-0.03000000000000025,5.400000000000034,5.604304600000001,2.2,0.07200000000000273,0.5,0.9000000000000057,-0.017000000000000015,-2.979191868257004,4.810000000000002
2010-04-01,-0.29000000000000004,15.099999999999966,6.3554537,-1.4000000000000004,0.04999999999998295,1.4000000000000057,1.2999999999999972,-0.006000000000000005,-1.6611267228630027,3.0900000000000034
2010-05-01,-0.07000000000000028,0.7000000000000455,4.544105999999999,0.0,-0.11299999999999955,-1.0,0.5999999999999943,0.01200000000000001,5.973657848638993,-10.550000000000011
2010-06-01,1.38,-4.600000000000023,5.858648000000002,-2.6999999999999997,-0.09099999999997976,-1.5,-0.8999999999999915,-0.0010000000000000009,-10.366366607142993,1.6000000000000085
2010-07-01,-1.2299999999999995,-14.100000000000023,2.232909999999997,1.2999999999999998,0.4059999999999775,0.0,-0.20000000000000284,0.0,11.047811649659991,0.9799999999999898
2010-08-01,0.9500000000000002,7.5,-0.35626099999999994,-0.7,0.31800000000001205,0.5,1.0,0.0050000000000000044,11.678384778912005,0.28000000000000114
2010-09-01,0.34999999999999964,11.900000000000034,-4.381570999999997,2.0,0.35200000000000387,0.0,0.7000000000000028,-0.006000000000000005,30.239390051019996,-1.3599999999999994
2010-10-01,0.08999999999999986,18.80000000000001,-6.436236000000001,1.7000000000000002,0.7599999999999909,1.3999999999999915,1.0,-0.01100000000000001,29.86360255102099,6.650000000000006
2010-11-01,0.21999999999999975,3.8999999999999773,-7.540413,0.1999999999999993,0.5550000000000068,2.0999999999999943,1.8999999999999915,-0.025999999999999968,2.533625790816018,2.3599999999999994
2010-12-01,0.34000000000000075,12.0,-6.4287497,1.9000000000000004,0.882000000000005,1.8000000000000114,0.9000000000000057,-0.0050000000000000044,12.388802100340001,4.900000000000006
2011-01-01,0.25,15.199999999999989,-0.8654703000000001,-0.2999999999999998,0.7150000000000034,2.0,1.5999999999999943,0.035999999999999976,14.659973129252023,0.01999999999999602
2011-02-01,0.7299999999999995,16.0,1.744529,2.999999999999999,0.7109999999999843,2.3000000000000114,1.700000000000017,0.017000000000000015,28.111273012888944,-0.5900000000000034
2011-03-01,0.1299999999999999,16.5,5.2226704999999995,-1.6999999999999993,1.1479999999999961,4.0,1.8999999999999773,0.014000000000000012,-2.9620752533509744,14.280000000000001
2011-04-01,0.45999999999999996,12.800000000000011,5.4923745,5.5,1.046999999999997,3.5999999999999943,1.1000000000000227,-0.008000000000000007,28.504054281278002,6.670000000000002
2011-05-01,0.15000000000000036,9.199999999999989,4.984616000000001,5.5,0.7130000000000223,0.19999999999998863,0.5,0.02100000000000002,-10.363554591836987,-8.629999999999995
2011-06-01,-4.0,9.699999999999989,6.039320999999999,4.899999999999999,0.0,-0.9000000000000057,0.19999999999998863,0.007000000000000006,1.9612528571429948,-4.640000000000001
2011-07-01,2.9399999999999995,8.0,3.1783199999999994,-1.8999999999999986,0.5889999999999986,0.20000000000001705,-0.5,0.0050000000000000044,-9.704264821428012,1.039999999999992
2011-08-01,0.4900000000000002,-0.19999999999998863,-0.7633930000000007,1.3000000000000007,0.7109999999999843,-0.5,0.5999999999999943,0.0040000000000000036,9.47490218167701,-10.969999999999999
2011-09-01,-0.04999999999999982,5.800000000000011,-4.874817,-3.1000000000000014,0.49100000000001387,-0.20000000000001705,0.700000000000017,0.013000000000000012,-14.007615217392015,-0.8100000000000023
2011-10-01,-0.27000000000000046,11.800000000000011,-6.596113999999998,-1.3000000000000007,0.1529999999999916,-0.5,-2.700000000000017,-0.008000000000000007,-21.453120408162988,0.7999999999999972
2011-11-01,0.03000000000000025,10.300000000000011,-7.7878172,-1.5999999999999979,0.41900000000001114,1.0,0.09999999999999432,-0.025000000000000022,-0.5680270918369956,10.840000000000003
2011-12-01,-0.09999999999999964,2.3999999999999773,-3.5643121000000004,-2.5,0.054000000000002046,0.0,-0.5999999999999943,-0.007000000000000006,-15.760408452381,1.4000000000000057
2012-01-01,-0.15000000000000036,-12.899999999999977,-1.6530405000000001,-0.6000000000000014,0.6189999999999998,0.0,0.4000000000000057,0.018000000000000016,14.402205059524022,1.7099999999999937
2012-02-01,0.04999999999999982,-20.200000000000045,2.88634723,1.6000000000000014,0.48699999999999477,0.0,0.5999999999999943,0.0,6.594175892856981,1.9300000000000068
2012-03-01,0.10000000000000053,-4.599999999999966,5.36041657,-3.8000000000000007,0.4779999999999802,2.0,1.0,-0.009000000000000008,1.2007305357149676,3.9599999999999937
2012-04-01,-0.08999999999999986,19.899999999999977,4.450461,-1.3000000000000007,0.3800000000000239,-0.09999999999999432,0.5999999999999943,-0.0040000000000000036,-6.4957553571429685,-2.8400000000000034
2012-05-01,-0.4400000000000004,25.80000000000001,5.232461000000001,-2.8999999999999995,-0.47400000000001796,-2.0999999999999943,-0.6999999999999886,-0.0020000000000000018,-5.334393035714015,-8.659999999999997
2012-06-01,0.7400000000000002,4.399999999999977,4.929190999999998,3.7,-0.18899999999999295,-3.3000000000000114,-2.3000000000000114,0.006000000000000005,-1.5559818027219876,-12.36
2012-07-01,0.47999999999999954,-4.599999999999966,2.684948000000002,3.5999999999999996,0.0660000000000025,-1.0,0.5,-0.0030000000000000027,65.66993078231297,5.6000000000000085
2012-08-01,0.14999999999999947,-17.69999999999999,-1.5228269999999995,4.6,1.328000000000003,1.700000000000017,1.200000000000017,0.015000000000000013,-0.7653572094049537,6.22999999999999
2012-09-01,0.23000000000000043,-1.0,-4.487074,4.400000000000002,1.09699999999998,1.4000000000000057,1.0999999999999943,-0.0030000000000000027,-11.527589702517048,0.38000000000000966
2012-10-01,0.11000000000000121,3.5,-7.279525000000001,-1.0,0.6230000000000189,0.39999999999997726,0.09999999999999432,-0.019000000000000017,0.6765116823300446,-5.02000000000001
2012-11-01,0.08999999999999986,-2.2000000000000455,-6.641208600000001,4.299999999999997,-0.38900000000001,-1.0,-0.799999999999983,-0.01200000000000001,0.214453167293982,-2.9599999999999937
2012-12-01,-0.16999999999999993,3.8000000000000114,-4.3642509,-1.2999999999999972,-0.027999999999991587,-0.799999999999983,-0.20000000000001705,0.0030000000000000027,-12.846469924812027,1.3299999999999983
2013-01-01,-0.1800000000000015,4.900000000000034,-1.3655835000000003,-1.3000000000000007,0.4579999999999984,0.6999999999999886,0.5,0.02400000000000002,-5.390189339419976,6.900000000000006
2013-02-01,-0.14999999999999947,6.099999999999966,1.0878968000000002,-3.1999999999999993,1.2580000000000098,1.200000000000017,1.0,0.0,-0.7498707482999976,0.5499999999999972
2013-03-01,-0.17999999999999972,-4.399999999999977,3.606228,-1.5,-0.6550000000000011,-0.10000000000002274,-0.6999999999999886,-0.025000000000000022,6.968864598997982,-2.3700000000000045
2013-04-01,-0.08000000000000007,17.899999999999977,4.9416039000000005,-1.7000000000000028,-0.48500000000001364,-1.0,-0.8000000000000114,0.02300000000000002,-29.814358646616995,-0.9200000000000017
2013-05-01,-0.03000000000000025,8.199999999999989,6.901159299999999,-5.399999999999999,0.09600000000000364,-0.799999999999983,-0.6999999999999886,0.008000000000000007,15.604128571428987,2.490000000000009
2013-06-01,-0.9799999999999995,-20.099999999999966,6.3290260000000025,3.1999999999999993,0.5519999999999925,-0.5999999999999943,-0.09999999999999432,0.0030000000000000027,1.7429382142860277,1.259999999999991
2013-07-01,0.25,-22.0,1.8138599999999983,-8.6,0.4550000000000125,0.09999999999999432,-0.20000000000001705,-0.0030000000000000027,-18.098641785715017,8.900000000000006
2013-08-01,-0.07000000000000028,-43.80000000000001,-1.0454329999999992,-1.3999999999999995,0.5559999999999832,0.5,-0.6999999999999886,-0.0010000000000000009,-44.07450535714199,1.8999999999999915
2013-09-01,-0.08000000000000007,-9.5,-4.0249130000000015,0.39999999999999947,0.08800000000002228,0.4000000000000057,0.5,-0.007000000000000006,-27.448592678572,-0.2799999999999869
2013-10-01,0.14000000000000057,-5.600000000000023,-7.004541999999999,-0.5999999999999996,0.125,-0.9000000000000057,-0.8000000000000114,-0.006000000000000005,-5.7101805357140165,-5.75
2013-11-01,-0.09000000000000075,-0.19999999999998863,-7.475863,-1.2000000000000002,0.4309999999999832,-1.200000000000017,0.20000000000001705,0.0010000000000000009,-2.5975486842109774,-6.680000000000007
2013-12-01,-0.11999999999999922,-4.0,-5.693650399999999,0.5,0.6189999999999998,0.10000000000002274,0.5,-0.0040000000000000036,-1.628995533476001,3.769999999999996
2014-01-01,-0.08000000000000007,-0.30000000000001137,0.6578648999999999,1.4000000000000004,0.5690000000000168,0.5,0.39999999999997726,0.030000000000000027,1.2185399659859968,-3.009999999999991
2014-02-01,-0.15000000000000036,17.100000000000023,-0.023632500000000167,0.5,0.25899999999998613,1.5,1.0,0.01200000000000001,10.584030943430008,6.199999999999989
2014-03-01,0.2400000000000002,7.600000000000023,4.7936436,1.0,0.48099999999999454,0.6999999999999886,1.200000000000017,-0.0040000000000000036,13.036897627998997,-0.01999999999999602
2014-04-01,0.08000000000000007,11.399999999999977,6.523320399999999,-1.2000000000000002,0.4399999999999977,-0.8000000000000114,-1.4000000000000057,-0.0040000000000000036,0.03749353741500272,1.269999999999996
2014-05-01,0.2599999999999998,19.0,5.874567000000001,2.5,0.45000000000001705,0.4000000000000057,0.19999999999998863,-0.015000000000000013,-5.455309693878007,0.11000000000001364
2014-06-01,0.29000000000000004,-16.19999999999999,4.432929,3.5,0.3129999999999882,0.4000000000000057,-0.6999999999999886,0.0,-14.341278061224017,3.6099999999999994
2014-07-01,-1.2199999999999998,-13.900000000000034,2.162433,-4.9,0.2669999999999959,-0.4000000000000057,0.09999999999999432,-0.0050000000000000044,-20.339306709184,-2.200000000000003
2014-08-01,-0.1800000000000006,-9.5,-0.6825679999999998,-1.0,-0.03799999999998249,-1.0999999999999943,-0.6999999999999886,0.0040000000000000036,-5.812435637754987,-7.049999999999997
2014-09-01,-0.2599999999999998,-4.0,-3.7801250000000017,-4.3,0.016999999999995907,-1.0999999999999943,-0.5,-0.018000000000000016,-13.347699319728008,-3.3300000000000125
2014-10-01,0.0,-4.5,-5.840263999999998,-1.2999999999999998,-0.046999999999997044,-1.9000000000000057,-1.200000000000017,-0.01200000000000001,0.2437079931970061,-8.809999999999988
2014-11-01,0.33000000000000007,1.400000000000034,-8.831977400000001,-0.09999999999999998,-0.44700000000000273,-2.5,-1.1999999999999886,0.014000000000000012,15.33044579832,-8.61
2014-12-01,0.09999999999999964,3.5,-1.8521292799999998,-0.7,-0.7309999999999945,-3.4000000000000057,-1.1999999999999886,-0.0040000000000000036,0.004411004400992624,-16.500000000000007
2015-01-01,0.010000000000000675,3.099999999999966,-2.53701832,0.2,-1.5049999999999955,-4.099999999999994,-2.200000000000017,0.03400000000000003,-3.9180746598639757,-12.07
2015-02-01,-0.2600000000000007,-1.5,0.5724969,0.9,0.5949999999999989,-0.5,-0.19999999999998863,-0.020000000000000018,-1.0360056390970271,3.3599999999999994
2015-03-01,-0.1899999999999995,-7.199999999999989,6.2062567,3.4000000000000004,0.6339999999999861,-0.20000000000000284,0.0,-0.007000000000000006,0.5349556390970065,-2.759999999999998
2015-04-01,-0.14000000000000057,1.400000000000034,5.1011884,-0.5,0.24600000000000932,-0.20000000000000284,-0.8000000000000114,-0.009000000000000008,-2.1422443877549995,6.630000000000003
2015-05-01,-0.22999999999999954,3.7999999999999545,5.132818,-1.3000000000000003,0.7789999999999964,1.4000000000000057,0.6000000000000085,0.01100000000000001,-5.801187576529998,4.82
2015-06-01,1.1600000000000001,0.6000000000000227,5.662182000000001,-0.8999999999999999,0.6560000000000059,0.09999999999999432,-0.4000000000000057,-0.0010000000000000009,0.4634712499999978,0.5499999999999972
2015-07-01,-1.2599999999999998,-13.800000000000011,1.413612999999998,-0.6000000000000001,0.37699999999998113,-1.1999999999999886,-0.5,-0.0040000000000000036,12.794669642857002,-8.920000000000002
2015-08-01,-0.39000000000000057,-14.899999999999977,-0.8679810000000003,1.2000000000000002,-0.0010000000000047748,-2.200000000000003,-1.7999999999999972,0.009000000000000008,-16.867831207482993,-8.030000000000001
2015-09-01,-0.1200000000000001,11.699999999999989,-3.1564750000000004,4.4,-0.5349999999999966,-1.2999999999999972,-0.7000000000000028,-0.007000000000000006,3.336924829932002,2.6099999999999994
2015-10-01,0.14000000000000057,-12.699999999999989,-6.129724999999999,-3.1,0.23500000000001364,-0.4000000000000057,-0.29999999999999716,-0.006000000000000005,5.370949234693995,0.740000000000002
2015-11-01,0.0,-3.0,-7.4102310000000005,0.0,0.2839999999999918,-0.7000000000000028,-0.9000000000000057,-0.015000000000000013,-5.356149154136006,-3.780000000000001
2015-12-01,-0.11000000000000032,8.800000000000011,-3.6209326699999997,-3.3,-0.2560000000000002,-1.5,-1.2999999999999972,0.0050000000000000044,-2.0880222744359855,-5.25
2016-01-01,0.07000000000000028,-15.100000000000023,-2.32798793,-0.09999999999999998,-0.10900000000000887,-1.5,-1.0999999999999943,0.02100000000000002,-2.9055249060150175,-5.509999999999998
2016-02-01,-0.20999999999999996,-14.800000000000011,3.2695404999999997,0.09999999999999998,-0.3159999999999741,-0.5999999999999943,-0.5,0.0,-1.382031522555991,-1.3599999999999994
2016-03-01,-0.20999999999999996,-8.899999999999977,4.2406071,-0.19999999999999996,0.7439999999999998,0.5,-0.10000000000000853,-0.010000000000000009,-0.4903132142860045,7.229999999999997
2016-04-01,0.05999999999999961,5.199999999999989,4.13694,-0.10000000000000003,0.9119999999999777,0.7999999999999972,0.6000000000000085,0.009000000000000008,5.238869727891,3.200000000000003
2016-05-01,-0.009999999999999787,1.1000000000000227,4.61262,-0.09999999999999998,0.5649999999999977,1.4000000000000057,1.2999999999999972,0.0040000000000000036,4.536718027211009,5.960000000000001
2016-06-01,0.9699999999999998,-8.600000000000023,6.1856529999999985,0.49999999999999994,0.6650000000000205,0.7999999999999972,0.9000000000000057,0.0040000000000000036,10.910619387754991,2.049999999999997
2016-07-01,-1.67,-21.899999999999977,1.9643190000000033,0.9000000000000001,-0.12100000000000932,0.09999999999999432,0.19999999999998863,0.014000000000000012,-18.089694464285003,-4.109999999999999
2016-08-01,-0.06999999999999984,-19.80000000000001,-1.2066100000000013,-0.6000000000000001,0.4439999999999884,-0.29999999999999716,-1.0,0.0030000000000000027,-11.60763239906899,0.07000000000000028
2016-09-01,-0.20000000000000018,-6.600000000000023,-4.018194000000001,2.8,0.6310000000000002,0.09999999999999432,0.4000000000000057,0.0010000000000000009,-1.7035107216800043,0.46000000000000085
2016-10-01,0.20000000000000018,-0.5,-5.551219999999999,0.6000000000000005,0.5650000000000261,0.6000000000000085,0.20000000000000284,-0.02400000000000002,4.105542346938989,4.600000000000001
2016-11-01,0.19999999999999973,2.3000000000000114,-6.376472000000001,1.1999999999999993,0.2849999999999966,-0.10000000000000853,0.09999999999999432,-0.016000000000000014,-1.286028333332979,-4.1200000000000045
2016-12-01,0.020000000000000018,1.8000000000000114,-7.6165391,-2.0999999999999996,0.61099999999999,0.5,0.5,-0.0040000000000000036,1.398508945577987,6.310000000000002
2017-01-01,0.10999999999999988,3.3000000000000114,0.04168229999999995,-0.3999999999999999,0.9809999999999945,0.7000000000000028,0.29999999999999716,0.027000000000000024,7.282182304422008,0.5300000000000011
2017-02-01,0.15000000000000036,17.399999999999977,3.7915687,0.8999999999999999,0.38800000000000523,0.4000000000000057,0.4000000000000057,-0.0040000000000000036,2.9504289484119965,0.9699999999999989
2017-03-01,0.20999999999999996,9.300000000000011,2.1273484,-0.2999999999999998,-0.11400000000000432,-0.20000000000000284,0.09999999999999432,0.0050000000000000044,-3.9834166580399994,-4.140000000000001
2017-04-01,-0.20999999999999996,7.199999999999989,6.144482700000001,-1.8000000000000003,0.30100000000001614,0.29999999999999716,0.30000000000001137,-0.015000000000000013,-2.4386671869889938,1.730000000000004
2017-05-01,-0.11000000000000032,-4.699999999999989,4.379885,-1.0999999999999999,-0.18900000000002137,-0.09999999999999432,-0.7000000000000028,0.0010000000000000009,2.0597675751880047,-2.5800000000000054
2017-06-01,0.15000000000000036,-3.1000000000000227,5.676390999999999,0.5999999999999999,0.15900000000002024,-0.29999999999999716,-0.10000000000000853,-0.010000000000000009,-0.6263125000000116,-3.299999999999997
2017-07-01,0.5699999999999994,-14.300000000000011,2.833681000000002,1.9,0.07999999999998408,-0.20000000000000284,0.6000000000000085,0.0050000000000000044,-0.36326124999999365,1.4500000000000028
2017-08-01,0.07000000000000028,-18.599999999999966,-2.4020740000000025,-0.19999999999999973,0.9399999999999977,0.7000000000000028,0.7000000000000028,0.0,-9.067215535714013,1.4099999999999966
2017-09-01,-0.1899999999999995,-5.199999999999989,-3.3566900000000004,-0.5,1.2520000000000095,1.0,1.0,-0.007000000000000006,-1.227572500000008,1.7800000000000011
2017-10-01,-0.010000000000000675,5.699999999999989,-6.247786999999999,1.6,0.1910000000000025,0.19999999999998863,0.09999999999999432,-0.0050000000000000044,1.4065189285710176,1.759999999999998
2017-11-01,0.08000000000000007,14.399999999999977,-6.3961114,3.2,0.657999999999987,1.2000000000000028,0.5999999999999943,-0.031000000000000028,0.06978910714300923,5.060000000000002
2017-12-01,-0.21999999999999975,12.199999999999989,-5.08572683,2.0999999999999996,0.521000000000015,0.20000000000000284,0.10000000000000853,-0.006999999999999951,0.2952616071429759,1.240000000000002
2018-01-01,0.15000000000000036,1.2000000000000455,-1.84166477,2.0999999999999996,1.054000000000002,1.0,0.8999999999999915,0.008999999999999952,6.829447840135998,5.82
2018-02-01,0.2699999999999996,15.599999999999966,2.2545055045,1.200000000000001,0.6699999999999875,0.29999999999999716,0.20000000000000284,-0.0010000000000000009,7.544094396706015,-1.470000000000006
2018-03-01,0.17999999999999972,-0.19999999999998863,3.6699482955,-4.700000000000001,0.04800000000000182,-0.29999999999999716,0.5,-0.0019999999999999463,8.615620229143985,0.5
2018-04-01,0.1800000000000006,0.30000000000001137,4.1485977,2.4000000000000004,0.6500000000000057,0.5999999999999943,0.6000000000000085,0.003999999999999948,3.5243925170070156,3.520000000000003
2018-05-01,0.10999999999999943,-2.5,8.771928500000001,2.0,0.5649999999999977,1.0999999999999943,0.8999999999999915,-0.0030000000000000027,3.578076445578006,3.730000000000004
2018-06-01,-1.0199999999999996,-3.900000000000034,3.9369130000000006,4.399999999999999,0.2259999999999991,0.0,0.20000000000000284,0.0,-14.038773384353021,-2.1099999999999994
2018-07-01,0.6299999999999999,-7.5,2.317036999999999,-4.599999999999998,0.19599999999999795,-0.09999999999999432,-0.5999999999999943,-0.0009999999999999454,-8.586020068027977,3.1099999999999994
2018-08-01,0.3099999999999996,1.2000000000000455,-1.4577069999999992,-2.8000000000000007,0.4490000000000123,-0.5,-0.10000000000000853,-0.0040000000000000036,5.967993064182991,-2.9200000000000017
2018-09-01,-0.15999999999999925,3.2999999999999545,-3.4389160000000025,-3.0,0.518999999999977,0.10000000000000853,0.0,0.0030000000000000027,-7.577255156913992,2.1700000000000017
2018-10-01,0.0699999999999994,11.700000000000045,-7.561202999999999,-3.8,0.5900000000000034,0.6000000000000085,0.6000000000000085,-0.014000000000000012,5.4205616786530015,0.519999999999996
2018-11-01,0.010000000000000675,8.5,-7.8563253,-0.20000000000000018,-0.17799999999999727,-2.1000000000000085,-1.0,-0.020000000000000018,0.5126426164589759,-13.79
2018-12-01,0.04999999999999982,3.2999999999999545,-3.0336277,0.0,0.17300000000000182,-1.7999999999999972,-0.8000000000000114,0.0040000000000000036,6.611672876985011,-7.439999999999998
2019-01-01,0.0,0.0,-1.8086873000000003,0.6000000000000001,-0.20599999999998886,0.19999999999998863,-0.7999999999999972,0.0020000000000000018,-0.6436390589570067,1.8599999999999994
2019-02-01,0.04999999999999982,10.600000000000023,0.8054861000000002,-2.3,0.7579999999999814,1.3000000000000114,0.7999999999999972,0.0040000000000000036,2.810041962048018,3.5700000000000003
2019-03-01,-0.13999999999999968,-3.3000000000000114,4.8442722,1.0,0.9579999999999984,0.6999999999999886,0.9000000000000057,0.0020000000000000018,-3.3349514858579994,3.1999999999999957
2019-04-01,-0.2600000000000007,-2.6999999999999886,6.287713999999999,-1.2000000000000002,0.9560000000000173,0.20000000000000284,0.09999999999999432,-0.01100000000000001,-4.667945408163007,5.710000000000001
2019-05-01,-0.14999999999999947,-0.8999999999999773,4.5621290000000005,-0.19999999999999996,0.06299999999998818,0.20000000000000284,-0.3999999999999915,0.020000000000000018,9.526767006802999,-3.030000000000001
2019-06-01,0.41000000000000014,-7.400000000000034,5.431930000000001,0.0,-0.08299999999999841,-1.4000000000000057,-0.7000000000000028,-0.006000000000000005,23.987768749999987,-6.170000000000002
2019-07-01,-0.6700000000000008,-6.0,3.188196999999999,0.29999999999999993,0.5889999999999986,0.0,0.20000000000000284,0.006000000000000005,-5.681549107142985,2.690000000000005
2019-08-01,-0.17999999999999972,-11.800000000000011,-1.112959,0.5,0.23400000000000887,-0.6999999999999886,-0.7000000000000028,-0.0040000000000000036,-25.857758928571997,-2.539999999999999
2019-09-01,-0.08000000000000007,-3.099999999999966,-3.1001189999999994,2.0999999999999996,0.39400000000000546,0.09999999999999432,-0.4000000000000057,-0.0010000000000000009,-6.254177678571011,2.1400000000000006
2019-10-01,0.1900000000000004,1.6999999999999886,-9.130367000000001,-1.4,0.7249999999999659,-0.5,0.0,-0.017000000000000015,9.923357492235994,-2.990000000000002
2019-11-01,-0.0600000000000005,-4.5,-6.4602354,0.0,0.7240000000000464,0.20000000000000284,0.10000000000000853,-0.015000000000000013,-0.9360085730629919,3.0700000000000003
2019-12-01,0.25,-17.100000000000023,-3.37774562,-0.9999999999999999,0.7509999999999764,0.29999999999999716,-0.20000000000000284,0.01200000000000001,0.697231795112998,2.8500000000000014
2020-01-01,0.2400000000000002,3.400000000000034,-1.39450418,0.29999999999999993,0.4970000000000141,0.20000000000000284,0.7999999999999972,0.009000000000000008,4.755117882652996,-2.3599999999999994
2020-02-01,0.0,-0.9000000000000341,0.8671266999999999,6.3,0.12299999999999045,-0.9000000000000057,-1.5,0.0,-3.069536707840996,-6.980000000000004
2020-03-01,-0.019999999999999574,2.6000000000000227,5.6843965,-0.7000000000000002,-1.1739999999999782,-3.0,-1.7999999999999972,0.0040000000000000036,-6.565450281955009,-21.33
2020-05-01,-0.10000000000000053,11.699999999999989,10.179701999999999,-0.5999999999999996,-2.2740000000000293,-2.299999999999997,-4.299999999999997,0.019000000000000017,-18.189904464285974,-0.6500000000000021
2020-06-01,0.04999999999999982,-8.899999999999977,5.241852999999999,1.0999999999999996,1.2399999999999807,1.5999999999999943,2.0999999999999943,0.007000000000000006,4.053136607142989,9.750000000000004
2020-07-01,-0.2699999999999996,-4.400000000000034,2.5986480000000007,-0.7000000000000002,1.3100000000000023,1.5,1.2000000000000028,-0.007000000000000006,4.54523928571399,2.3999999999999986
2020-08-01,0.0,-3.0,-0.5208510000000004,6.6,0.9639999999999986,1.1000000000000085,0.5999999999999943,-0.0020000000000000018,-3.194619812924998,1.6300000000000026
2020-09-01,0.1900000000000004,2.8000000000000114,-5.14123,8.600000000000001,0.68100000000004,0.20000000000000284,0.7000000000000028,-0.008000000000000007,17.209533673468997,-2.710000000000001
2020-10-01,0.25,5.900000000000034,-6.757365999999999,2.599999999999998,0.32200000000000273,-0.10000000000000853,0.20000000000000284,0.0010000000000000009,20.163853996599016,-0.23000000000000398
2020-11-01,0.2599999999999998,-0.6000000000000227,-5.325662299999999,-1.0,0.5919999999999845,0.10000000000000853,1.0,-0.007000000000000006,3.8586500939850055,1.5399999999999991
2020-12-01,0.21999999999999975,6.100000000000023,-5.47442478,5.0,1.1340000000000146,1.1999999999999886,1.5,0.0050000000000000044,8.559379923021993,6.080000000000005
2021-01-01,0.020000000000000462,15.399999999999977,-0.55220242,-3.0,0.5939999999999941,1.9000000000000057,3.4000000000000057,-0.0040000000000000036,32.57004394915799,4.979999999999997
2021-02-01,0.34999999999999964,17.80000000000001,-2.6573022,1.1000000000000014,0.9339999999999691,1.5,2.0999999999999943,-0.006000000000000005,13.799595112782015,7.039999999999999
2021-03-01,0.03000000000000025,8.5,7.8408137,2.8000000000000007,1.274000000000001,1.9000000000000057,3.3000000000000114,-0.0040000000000000036,0.20630025335097457,3.289999999999999
2021-04-01,0.17999999999999972,18.899999999999977,4.639753,2.599999999999998,1.77800000000002,1.1999999999999886,1.5999999999999943,0.0010000000000000009,22.862091977225987,-0.6099999999999994
2021-05-01,0.41999999999999993,13.800000000000011,5.557186999999999,-7.299999999999997,1.7789999999999964,1.700000000000017,3.0999999999999943,0.0020000000000000018,35.675100850340016,3.450000000000003
2021-06-01,-1.8899999999999997,40.89999999999998,6.906452000000002,0.5999999999999979,2.305999999999983,1.3999999999999773,1.5999999999999943,-0.08300000000000002,-11.773822874149971,6.209999999999994
2021-07-01,1.6899999999999995,11.680000000000007,1.3606169999999977,-5.0,1.2549999999999955,0.4000000000000057,1.5,0.01200000000000001,-14.077971173468995,1.1099999999999994
2021-08-01,0.8799999999999999,-7.396999999999991,-1.105832999999997,-4.099999999999998,0.7870000000000346,-0.29999999999998295,0.30000000000001137,0.0030000000000000027,-21.42500025510202,-4.759999999999991
2021-09-01,0.6100000000000003,9.63900000000001,-3.7316210000000005,-0.9000000000000021,1.1899999999999977,0.5999999999999943,0.4000000000000057,0.01100000000000001,-21.20515178571401,3.9200000000000017
2021-10-01,0.16999999999999993,62.315999999999974,-6.390844000000001,-6.799999999999999,2.5860000000000127,2.0,2.6999999999999886,0.014000000000000012,3.7868472789110115,9.829999999999998
2021-11-01,0.5999999999999996,55.716000000000065,-7.816369,1.4000000000000004,2.2959999999999923,1.0,1.0,-0.010000000000000009,9.165295221088996,-2.3299999999999983
2021-12-01,0.07000000000000028,76.58399999999995,-2.4478545,-3.9000000000000004,1.981999999999971,-0.5,-2.3000000000000114,0.0020000000000000018,15.805400697277975,-7.440000000000012
2022-01-01,-0.10999999999999943,27.048999999999978,-4.5640457,-1.0,1.73599999999999,2.6999999999999886,4.0,0.035999999999999976,12.146031445579013,11.510000000000005
2022-02-01,0.6799999999999997,34.32000000000005,1.7507365000000001,3.0,1.983000000000004,2.5,4.800000000000011,0.0040000000000000036,15.952414830827024,8.420000000000002
2022-03-01,0.7699999999999996,39.067999999999984,5.9029249,-0.6000000000000005,2.9420000000000073,4.200000000000017,6.0,0.020000000000000018,43.25909111637799,16.86
2022-04-01,0.2699999999999996,57.692999999999984,4.207505799999999,5.8999999999999995,1.115000000000009,0.6999999999999886,1.5999999999999943,0.007000000000000006,12.576432802795011,-6.719999999999999
2022-05-01,0.7000000000000011,-6.58299999999997,6.640536000000001,3.1999999999999993,2.7169999999999845,0.6999999999999886,4.300000000000011,0.0010000000000000009,-3.5978173611110265,7.769999999999996
2022-06-01,-4.67,-41.144000000000005,5.479029000000001,-0.6999999999999993,3.7730000000000246,0.30000000000001137,1.799999999999983,0.04199999999999998,-9.192165589569981,5.290000000000006
2022-07-01,2.459999999999999,-79.88999999999999,2.5768819999999977,4.800000000000001,-0.132000000000005,-2.0999999999999943,-6.199999999999989,0.03500000000000003,-23.03509204931902,-13.219999999999999
2022-08-01,-0.1399999999999988,-10.721000000000004,-1.382991999999998,-9.7,0.22199999999998,-1.8000000000000114,-2.1999999999999886,0.016000000000000014,-18.75125163043498,-7.950000000000003
2022-09-01,0.22999999999999865,-9.978000000000065,-3.630984999999999,5.0,1.2590000000000146,-1.5,-1.5,0.007000000000000006,18.615337557304997,-9.409999999999997
2022-10-01,0.40000000000000036,31.943000000000097,-7.447424000000002,-2.4000000000000004,1.5579999999999927,-0.4000000000000057,-0.8000000000000114,-0.02200000000000002,31.00715544217701,3.289999999999992
2022-11-01,-0.02999999999999936,18.94799999999998,-8.0425934,-5.200000000000001,0.7290000000000418,-1.0999999999999943,-0.5999999999999943,-0.010000000000000009,-22.623600476190006,-3.1799999999999926
2022-12-01,-0.17999999999999972,-22.754999999999995,-4.3491634999999995,-1.299999999999999,0.0999999999999659,0.20000000000001705,-4.599999999999994,-0.0020000000000000018,-18.694277755102007,-7.930000000000007
2023-01-01,-0.16000000000000014,-48.138000000000034,1.123872,-3.4000000000000004,1.6480000000000246,-0.5,0.29999999999998295,0.018000000000000016,0.604583290815981,1.6800000000000068
2023-02-01,-0.27000000000000135,-62.09000000000003,0.10598399999999997,1.5999999999999996,1.0199999999999818,-0.30000000000001137,0.5999999999999943,0.010000000000000009,-4.594685009398006,-1.2900000000000063
2023-03-01,-0.1899999999999995,-49.855999999999995,2.8134782,-0.09999999999999964,0.16699999999997317,-1.0999999999999943,-0.5999999999999943,-0.0040000000000000036,-13.287898414514984,-3.549999999999997
2023-04-01,-0.03999999999999915,-32.627999999999986,5.5445547,2.3,1.2150000000000318,0.4000000000000057,-0.09999999999999432,-0.0040000000000000036,6.222339955867994,6.170000000000002
2023-05-01,-0.2400000000000002,-31.432999999999993,7.376758000000001,-3.2,0.45799999999997,-0.6000000000000227,-3.0999999999999943,0.0020000000000000018,-23.007218564267987,-7.8700000000000045
2023-06-01,1.5399999999999991,-53.637,4.090045,-1.3999999999999995,0.7830000000000155,-0.29999999999998295,-0.9000000000000057,0.007000000000000006,-1.2372867346940097,-1.3299999999999983
2023-07-01,-1.9999999999999991,-4.653999999999996,3.7821730000000002,1.5,0.5160000000000196,0.0,0.5,0.0129999999999999,-31.663292346937993,5.819999999999993
2023-08-01,-0.27000000000000046,-4.942999999999984,-0.9787500000000016,2.3,1.5229999999999677,0.9000000000000057,1.6999999999999886,0.0020000000000000018,-27.596058614316007,5.320000000000007
2023-09-01,-0.28000000000000025,-1.3590000000000373,-4.225168,2.0999999999999996,1.2360000000000468,0.6999999999999886,0.8000000000000114,-0.0010000000000000009,16.171777763975,8.040000000000006
2023-10-01,-0.09999999999999964,28.216000000000008,-6.885085999999999,0.5999999999999996,0.27899999999999636,-0.9000000000000057,-1.4000000000000057,-0.0029999999999998916,-1.9451476785709758,-3.7900000000000063
2023-11-01,-0.4400000000000004,9.253000000000043,-6.39936,2.200000000000001,0.4339999999999691,-0.6999999999999886,-1.0999999999999943,-0.02100000000000002,-12.86222191964302,-7.950000000000003
2023-12-01,0.27000000000000046,21.402999999999963,-3.5143554000000004,1.6999999999999993,0.6480000000000246,-1.0,-1.0,-0.0030000000000000027,-1.6423279393799817,-5.789999999999992
2024-01-01,-0.020000000000000462,-13.60899999999998,-3.8930993000000003,-5.1,1.058999999999969,1.0,1.0,0.016000000000000014,-8.640040362065008,2.25
2024-02-01,-0.4299999999999997,-22.122000000000014,4.684499,-1.4000000000000004,1.2280000000000086,0.29999999999998295,1.0999999999999943,0.0040000000000000036,-9.810184064626014,3.0999999999999943
2024-03-01,-0.33000000000000007,14.322000000000003,2.3332676999999995,-3.3,1.0850000000000364,0.8000000000000114,0.20000000000001705,0.006999999999999895,1.2794669642850067,4.030000000000001
2024-04-01,-0.10999999999999943,5.2409999999999854,5.483177,-1.9999999999999998,0.9089999999999918,1.1999999999999886,1.0,0.009000000000000008,0.6728385714289971,4.069999999999993
2024-05-01,0.29000000000000004,-5.182999999999993,5.110144,-0.30000000000000004,0.1239999999999668,-0.19999999999998863,-1.0,-0.0040000000000000036,10.119420535714,-5.329999999999998
2024-06-01,1.4799999999999995,-16.593999999999994,5.9101810000000015,0.10000000000000009,-0.009000000000014552,0.09999999999999432,-0.4000000000000057,0.0050000000000000044,-9.778527589285005,-0.25
2024-07-01,-2.1500000000000004,-4.141999999999996,1.769003999999999,1.6999999999999997,0.4350000000000023,0.20000000000001705,0.799999999999983,-0.0010000000000000009,-13.47323449999999,2.030000000000001
2024-08-01,-0.28999999999999915,-6.084000000000003,-1.2007779999999997,0.0,0.5649999999999977,-0.4000000000000057,-1.0,0.0,-8.470966035715009,-5.11999999999999
2024-09-01,0.1299999999999999,-2.3999999999999773,-3.157942000000002,-0.09999999999999964,0.7200000000000273,-0.5,-0.8999999999999773,-0.0010000000000000009,14.359085249060001,-6.440000000000012
2024-10-01,0.10999999999999943,13.132999999999981,-5.9948239999999995,0.19999999999999973,0.7130000000000223,0.19999999999998863,1.5,-0.007000000000000006,5.932078202027014,1.75
2024-11-01,-0.019999999999999574,-2.0989999999999895,-7.897490499999999,2.8000000000000003,0.8849999999999909,0.20000000000001705,0.0,-0.013999999999999901,11.720364326690998,-2.039999999999992
2024-12-01,0.040000000000000036,30.040999999999997,-3.36978516,1.3999999999999995,1.1539999999999964,0.09999999999999432,0.6999999999999886,-0.0040000000000000036,1.5216908382940062,0.1700000000000017
2025-01-01,0.02999999999999936,-8.363,-4.00167714,4.9,1.483000000000004,0.29999999999998295,2.0999999999999943,0.013000000000000012,11.529965758928,5.61999999999999
2025-02-01,0.07000000000000028,3.808999999999969,2.3816902,3.9000000000000004,0.6889999999999645,0.30000000000001137,0.8000000000000114,0.0,6.894617528195994,-4.209999999999994
