date,wheat_price,fertilizer_idx,avg_temp,drought_idx,cpi,commodity_imp_idx,commodity_exp_idx,flour_price,corn_price,crude_oil_price
1990-01-01,3.71,114.4,-1.2184741,15.3,127.5,92.5,95.2,0.253,105.900512695313,22.86
1990-02-01,3.56,120.1,-1.9653516,14.6,128.0,92.7,94.6,0.249,106.294166564941,22.11
1990-03-01,3.48,119.6,4.2221065,11.2,128.6,92.4,94.8,0.252,109.83731842041,20.39
1990-04-01,3.49,119.1,9.39166,8.0,128.9,91.6,95.1,0.251,118.498336791992,18.43
1990-05-01,3.4,115.8,13.738063,7.1,129.1,91.2,95.3,0.254,121.254096984863,18.2
1990-06-01,3.85,112.4,19.995775,7.3,129.9,90.8,95.1,0.259,120.073066711426,16.7
1990-07-01,2.79,113.1,21.674213,5.3,130.5,90.5,95.3,0.26,114.955192565918,18.45
1990-08-01,2.58,115.0,20.938868,3.5,131.6,93.3,95.4,0.255,109.83731842041,27.31
1990-09-01,2.46,121.4,17.300278,4.8,132.5,96.5,95.8,0.249,102.357360839844,33.51
1990-10-01,2.43,127.1,9.544056,3.7,133.4,99.3,96.6,0.244,99.9952697753906,36.04
1990-11-01,2.39,129.9,3.3824458,5.8,133.7,98.7,96.7,0.235,99.9952697753906,32.33
1990-12-01,2.4,130.5,-3.3944964,8.4,134.2,98.4,96.3,0.236,102.357360839844,27.28
1991-01-01,2.42,131.3,-3.900503,9.1,134.7,97.0,96.8,0.244,105.506813049316,25.23
1991-02-01,2.42,131.4,0.70492554,15.7,134.8,95.0,96.7,0.235,106.294166564941,20.48
1991-03-01,2.53,130.5,3.2735918,8.2,134.8,95.0,96.4,0.235,109.049957275391,19.9
1991-04-01,2.6,128.3,9.166041,3.8,135.1,94.2,96.6,0.237,110.231010437012,20.83
1991-05-01,2.65,126.0,14.9061985,1.8,135.6,94.0,96.4,0.235,105.735160827637,21.23
1991-06-01,3.08,123.6,19.369806,1.4,136.0,93.4,96.1,0.237,105.113136291504,20.19
1991-07-01,2.5,123.1,21.679047,1.4,136.2,92.8,95.7,0.239,105.72989654541,21.4
1991-08-01,2.63,124.3,20.82685,1.6,136.6,93.1,96.0,0.238,110.118812561035,21.69
1991-09-01,2.8,123.9,16.485437,5.3,137.0,93.3,95.6,0.232,108.853126525879,21.89
1991-10-01,3.07,125.0,10.215822,5.3,137.2,94.1,96.6,0.23,109.523323059082,23.23
1991-11-01,3.25,123.6,1.2905798,3.5,137.8,94.5,96.7,0.218,106.797866821289,22.46
1991-12-01,3.44,124.7,-1.2190018,4.0,138.2,94.3,95.7,0.223,106.720680236816,19.5
1992-01-01,3.54,123.6,-2.06289,5.1,138.3,94.0,95.7,0.241,109.586357116699,18.79
1992-02-01,3.78,122.9,0.31786585,6.9,138.6,94.0,96.3,0.244,113.921257019043,19.01
1992-03-01,3.72,122.1,3.8637214,9.0,139.1,93.9,96.2,0.239,116.684593200684,18.92
1992-04-01,3.65,122.0,8.704989,8.0,139.4,93.6,96.4,0.238,109.055137634277,20.23
1992-05-01,3.64,123.4,13.855601,12.6,139.7,94.0,96.7,0.245,109.177909851074,20.98
1992-06-01,2.55,123.7,18.505232,8.2,140.1,94.8,96.5,0.244,110.201927185059,22.39
1992-07-01,3.15,121.2,20.50942,5.5,140.5,95.3,96.6,0.252,102.394058227539,21.78
1992-08-01,3.01,118.5,19.4909,9.1,140.8,95.7,96.3,0.256,97.5399322509766,21.34
1992-09-01,3.2,119.2,15.337638,7.1,141.1,95.9,96.6,0.249,98.2166748046875,21.88
1992-10-01,3.22,121.8,9.515254,4.2,141.7,96.6,96.3,0.241,94.5597686767578,21.69
1992-11-01,3.29,121.3,1.8933896,2.1,142.1,96.0,96.2,0.234,95.1726608276367,20.34
1992-12-01,2.96,121.1,-2.8673983,1.2,142.3,94.4,96.3,0.233,94.0434188842773,19.41
1993-01-01,3.37,122.3,-3.5596874,1.2,142.8,94.3,96.4,0.242,94.09521484375,19.03
1993-02-01,3.33,124.2,-2.7092447,1.4,143.1,94.2,96.7,0.242,94.2540740966797,20.09
1993-03-01,3.3,125.5,2.8372877,1.2,143.3,94.7,96.6,0.238,97.5351867675781,20.32
1993-04-01,3.26,125.6,8.258363,1.0,143.8,95.2,96.8,0.23,100.487373352051,20.25
1993-05-01,3.11,125.0,14.498909,0.9,144.2,95.5,97.1,0.239,99.2226715087891,19.95
1993-06-01,3.43,123.1,18.4982,0.5,144.3,95.0,96.9,0.238,92.7262115478516,19.09
1993-07-01,2.85,121.6,21.317583,0.2,144.5,94.5,97.0,0.237,101.888687133789,17.89
1993-08-01,2.96,118.8,20.407856,1.3,144.8,94.4,97.0,0.238,100.312896728516,18.01
1993-09-01,3.1,118.9,15.491604,0.9,145.0,94.5,96.9,0.232,101.031677246094,17.5
1993-10-01,3.25,119.5,9.641138,1.5,145.6,94.9,96.9,0.228,105.767631530762,18.15
1993-11-01,3.47,128.7,1.8656753,2.1,146.0,94.4,97.0,0.227,115.92845916748,16.61
1993-12-01,3.63,121.9,-1.0161017,5.4,146.3,93.5,97.3,0.222,121.229499816895,14.52
1994-01-01,3.58,123.6,-3.899172,5.5,146.3,93.5,98.0,0.233,126.716453552246,15.03
1994-02-01,3.6,126.8,-2.849406,5.1,146.7,93.9,98.0,0.23,123.64900970459,14.78
1994-03-01,3.7,129.1,3.472859,9.6,147.1,94.0,98.2,0.226,120.107292175293,14.68
1994-04-01,3.56,133.9,9.091778,9.1,147.2,94.7,98.2,0.226,113.416732788086,16.42
1994-05-01,3.43,136.8,14.397399,12.6,147.5,95.5,98.5,0.229,110.601257324219,17.89
1994-06-01,2.84,135.7,20.0648,11.1,147.9,96.3,98.5,0.236,112.083099365234,19.06
1994-07-01,3.04,136.9,21.866175,10.8,148.4,97.2,98.7,0.236,98.7315521240234,19.66
1994-08-01,3.25,138.3,20.992151,10.2,149.0,97.6,98.9,0.238,96.1568756103516,18.38
1994-09-01,3.57,138.2,16.680653,10.3,149.3,97.2,99.1,0.237,97.6050567626953,17.45
1994-10-01,3.76,143.5,9.667222,5.2,149.4,97.9,99.7,0.232,96.1100006103516,17.72
1994-11-01,3.75,147.8,2.5723794,2.5,149.8,98.5,100.4,0.225,95.605712890625,18.07
1994-12-01,3.74,148.3,-0.89990497,2.1,150.1,98.4,101.1,0.225,102.555236816406,17.16
1995-01-01,3.69,155.8,-2.1957848,2.4,150.5,98.7,101.9,0.238,106.898773193359,18.04
1995-02-01,3.61,161.2,-0.067571804,3.0,150.9,99.4,102.5,0.242,106.977661132813,18.57
1995-03-01,3.52,165.3,2.8273234,2.5,151.2,99.9,103.0,0.242,109.627067565918,18.54
1995-04-01,3.48,167.2,7.9773254,3.1,151.8,100.9,104.0,0.236,109.640487670898,19.9
1995-05-01,3.67,166.6,13.473297,2.8,152.1,101.8,104.3,0.244,111.927581787109,19.74
1995-06-01,3.21,164.3,18.39514,4.7,152.4,101.4,104.5,0.244,120.007438659668,18.45
1995-07-01,4.1,157.3,21.75562,3.1,152.6,101.1,104.8,0.248,127.309562683105,17.33
1995-08-01,4.26,148.5,21.699114,5.1,152.9,100.8,104.3,0.255,126.297080993652,18.02
1995-09-01,4.53,147.1,16.785418,5.1,153.1,100.8,104.4,0.256,130.51301574707,18.23
1995-10-01,4.72,147.8,10.210629,2.1,153.5,100.4,104.5,0.254,140.816360473633,17.43
1995-11-01,4.81,152.4,2.5552044,2.0,153.7,100.6,104.5,0.243,143.21223449707,17.99
1995-12-01,4.88,156.8,-1.9892952,3.9,153.9,101.0,104.4,0.243,148.188522338867,19.03
1996-01-01,4.83,161.8,-4.3535075,6.3,154.7,101.2,104.9,0.262,156.67073059082,18.86
1996-02-01,4.98,162.4,-1.2926059,10.5,155.0,101.0,104.7,0.262,164.71223449707,19.09
1996-03-01,5.07,165.8,1.5641863,14.8,155.5,101.6,104.6,0.274,170.961151123047,21.33
1996-04-01,5.32,164.9,7.8934836,16.1,156.1,102.5,105.2,0.266,189.03303527832,23.5
1996-05-01,5.75,162.3,14.351651,15.6,156.4,101.8,105.6,0.281,203.998931884766,21.17
1996-06-01,3.84,156.3,19.337149,15.8,156.7,100.7,105.4,0.297,196.639312744141,20.42
1996-07-01,4.73,151.5,21.534014,9.6,157.0,100.6,104.9,0.308,197.619995117188,21.3
1996-08-01,4.57,149.9,20.42612,7.3,157.2,100.7,104.7,0.314,186.820068359375,21.9
1996-09-01,4.37,150.5,15.280526,3.3,157.7,101.8,103.9,0.308,145.239181518555,23.97
1996-10-01,4.17,157.8,8.738333,2.0,158.2,102.4,103.6,0.293,128.608795166016,24.88
1996-11-01,4.1,159.8,1.5110059,1.2,158.7,102.2,103.2,0.295,117.136840820313,23.71
1996-12-01,4.06,165.8,-1.9346024,1.6,159.1,102.5,103.2,0.292,116.835014343262,25.23
1997-01-01,4.02,167.6,-4.306124,0.7,159.4,102.2,103.3,0.309,118.695167541504,25.13
1997-02-01,3.89,169.8,-0.113055594,1.4,159.7,101.2,103.5,0.308,121.746200561523,22.18
1997-03-01,3.93,170.5,3.2547884,1.4,159.8,100.0,103.6,0.305,127.860580444336,20.97
1997-04-01,4.1,170.4,6.8239717,0.7,159.9,98.8,103.6,0.304,124.712875366211,19.7
1997-05-01,4.08,168.3,13.591148,0.6,159.9,98.8,103.4,0.31,118.610809326172,20.82
1997-06-01,5.25,163.1,18.851278,1.2,160.2,98.8,103.2,0.31,112.58137512207,19.26
1997-07-01,3.23,158.0,21.461868,1.6,160.4,98.5,103.2,0.309,106.420722961426,19.66
1997-08-01,3.56,157.3,20.48758,2.5,160.8,98.4,103.2,0.307,111.951019287109,19.95
1997-09-01,3.66,156.1,17.261648,1.9,161.2,98.4,102.9,0.305,112.236907958984,19.8
1997-10-01,3.58,151.5,9.032721,5.3,161.5,98.6,102.5,0.294,120.244216918945,21.33
1997-11-01,3.54,148.8,2.5784206,2.3,161.7,98.1,102.5,0.283,117.404762268066,20.19
1997-12-01,3.44,144.0,-2.2601318,2.7,161.8,97.2,102.0,0.279,113.604362487793,18.33
1998-01-01,3.32,142.1,-1.8647158,1.0,162.0,95.9,101.3,0.299,114.367256164551,16.72
1998-02-01,3.27,140.1,0.5249416,1.0,162.0,95.0,101.0,0.297,113.61873626709,16.06
1998-03-01,3.33,139.9,2.714458,1.4,162.0,94.1,100.7,0.302,113.840438842773,15.12
1998-04-01,3.18,136.8,8.538229,0.9,162.2,93.9,100.3,0.298,106.687858581543,15.35
1998-05-01,3.06,139.0,14.875762,2.1,162.6,93.7,100.4,0.308,105.966926574707,14.91
1998-06-01,3.52,138.7,18.561512,1.2,162.8,93.1,99.9,0.305,101.751693725586,13.72
1998-07-01,2.56,136.4,22.436298,2.5,163.2,92.3,99.5,0.307,100.904479980469,14.17
1998-08-01,2.38,132.2,21.146797,1.4,163.4,92.0,99.0,0.31,88.3582077026367,13.47
1998-09-01,2.39,127.9,18.232075,3.8,163.5,92.2,98.5,0.305,85.7144470214844,15.03
1998-10-01,2.77,126.4,10.229938,2.4,163.9,92.3,98.4,0.301,95.494758605957,14.46
1998-11-01,2.95,123.1,4.1935234,2.8,164.1,91.8,98.6,0.287,97.3845291137695,13.0
1998-12-01,2.86,120.4,-1.2335407,5.6,164.4,91.0,98.5,0.279,95.3247604370117,11.35
1999-01-01,2.84,119.6,-2.7329884,3.6,164.7,91.3,98.5,0.297,97.4518737792969,12.52
1999-02-01,2.73,119.7,-0.08814928,4.6,164.7,91.2,98.3,0.293,94.5640047227443,12.01
1999-03-01,2.65,121.0,2.5582163,5.7,164.8,91.5,97.9,0.289,96.4264500776398,14.68
1999-04-01,2.62,121.7,8.109023,3.2,165.9,92.4,98.1,0.283,94.0384785289116,17.31
1999-05-01,2.49,118.9,13.59526,3.6,166.0,93.1,98.2,0.306,92.7170656696428,17.72
1999-06-01,2.77,117.0,18.809324,5.4,166.0,92.9,98.2,0.303,92.9470118303571,17.92
1999-07-01,2.22,113.5,21.914772,5.9,166.7,93.8,98.1,0.308,83.5984030357143,20.1
1999-08-01,2.53,113.1,21.042606,5.2,167.1,94.8,98.4,0.311,86.3819147321428,21.28
1999-09-01,2.58,115.0,16.173876,3.6,167.8,95.8,98.5,0.31,87.1209208758503,23.8
1999-10-01,2.57,120.7,9.71858,8.2,168.1,96.0,98.8,0.288,85.6504712053571,22.69
1999-11-01,2.66,120.5,5.036391,11.7,168.4,96.7,99.0,0.272,85.4093406300459,25.0
1999-12-01,2.52,122.4,-1.5831826,14.2,168.8,97.4,99.0,0.267,87.2228376839286,26.1
2000-01-01,2.51,126.3,-2.4111598,15.5,169.3,97.8,99.2,0.286,92.9532749553571,27.26
2000-02-01,2.54,130.7,1.7402294,14.4,170.0,99.7,99.6,0.267,95.0816190401786,29.37
2000-03-01,2.59,133.7,4.652202,22.0,171.0,99.9,100.0,0.285,95.1693511057143,29.84
2000-04-01,2.57,135.0,8.817104,23.7,170.9,98.5,100.0,0.283,95.5393729517857,25.72
2000-05-01,2.59,134.7,14.883814,20.5,171.2,98.8,100.2,0.302,95.5305508928571,28.79
2000-06-01,2.5,138.2,19.134596,14.5,172.2,100.2,100.1,0.305,84.0395145034014,31.82
2000-07-01,2.32,147.2,21.591005,14.6,172.7,100.2,100.0,0.305,75.057375212585,29.7
2000-08-01,2.4,148.2,21.240604,13.1,172.7,100.4,99.8,0.304,75.2405311428571,31.26
2000-09-01,2.43,152.5,16.36446,12.3,173.6,101.6,100.4,0.303,80.150576268797,33.88
2000-10-01,2.68,157.8,9.945083,9.2,173.9,101.2,100.3,0.306,84.7072744047619,33.11
2000-11-01,2.82,161.6,1.095084,6.2,174.2,101.2,100.3,0.262,88.9371078282313,34.42
2000-12-01,2.87,170.6,-3.8077514,10.4,174.6,100.5,100.1,0.275,96.2242037593985,28.44
2001-01-01,2.84,209.1,-2.4637196,12.7,175.6,100.5,100.3,0.304,94.2972332706767,29.59
2001-02-01,2.83,218.6,-1.20591,13.9,176.0,99.9,100.2,0.307,92.3775148214285,29.61
2001-03-01,2.87,216.8,2.0553615,11.8,176.1,98.3,100.0,0.312,91.0121535714286,27.25
2001-04-01,2.86,202.8,9.035197,13.0,176.4,97.8,99.9,0.276,87.5450665178572,27.49
2001-05-01,2.98,187.0,14.501441,14.4,177.3,98.0,99.6,0.31,85.0775230867347,28.63
2001-06-01,2.5,171.1,19.263847,16.4,177.7,97.6,99.4,0.313,83.1606659863946,27.6
2001-07-01,2.63,159.6,21.787539,14.2,177.4,96.1,99.0,0.315,90.7546695436508,26.43
2001-08-01,2.74,149.3,21.552456,14.9,177.4,96.0,98.8,0.318,92.8790316381988,27.37
2001-09-01,2.85,144.9,16.79413,14.0,178.1,95.9,99.0,0.296,89.7439884868421,26.2
2001-10-01,2.87,137.6,9.515244,11.7,177.6,93.7,98.3,0.309,86.2677391304348,22.17
2001-11-01,2.87,132.9,4.964757,9.4,177.5,92.3,97.8,0.286,89.8825542410714,19.64
2001-12-01,2.88,131.0,-1.3685819,14.4,177.4,91.4,97.6,0.282,92.3115151680672,19.39
2002-01-01,2.87,130.3,-1.2991927,15.1,177.7,91.6,97.5,0.319,91.9669605867347,19.72
2002-02-01,2.83,129.1,-0.66262716,19.9,178.0,91.6,97.3,0.318,90.728193843985,20.72
2002-03-01,2.87,127.2,1.7479981,20.9,178.5,92.8,97.6,0.31,89.8579491071429,24.53
2002-04-01,2.83,126.1,9.024198,28.8,179.3,94.3,98.0,0.307,87.1066477678571,26.18
2002-05-01,2.81,128.0,13.588077,29.4,179.5,94.4,98.0,0.323,90.3313050170068,27.04
2002-06-01,2.74,132.0,20.007774,32.4,179.6,94.1,98.0,0.325,93.1698001339286,25.52
2002-07-01,3.21,131.5,22.62962,29.9,180.0,94.5,98.3,0.32,99.7000026785715,26.97
2002-08-01,3.63,132.0,20.872284,30.0,180.5,94.8,98.5,0.322,109.891001785714,28.39
2002-09-01,4.21,130.6,17.467619,27.2,180.8,95.5,98.8,0.322,113.941454196429,29.66
2002-10-01,4.38,133.5,9.135126,24.6,181.2,95.5,98.7,0.289,109.64680993323,28.84
2002-11-01,4.25,137.9,3.4845028,19.2,181.5,94.6,98.8,0.291,108.646429375,26.35
2002-12-01,4.06,141.6,-0.5919364,14.5,181.8,95.2,98.6,0.292,107.012648482143,29.46
2003-01-01,3.89,150.9,-2.277538,15.6,182.6,96.9,98.9,0.316,105.844256122449,32.95
2003-02-01,3.7,163.6,-1.5864803,11.5,183.6,98.5,99.5,0.299,106.141079960317,35.83
2003-03-01,3.55,183.0,2.9528475,7.9,183.9,99.1,99.7,0.319,105.131878911565,33.51
2003-04-01,3.37,188.7,8.827653,6.5,183.2,96.0,99.6,0.318,105.338093367347,28.17
2003-05-01,3.33,184.1,14.10362,4.9,182.9,95.3,99.7,0.327,107.906400680272,28.11
2003-06-01,2.92,177.6,18.757076,3.3,183.1,96.2,99.5,0.327,107.02530255102,30.66
2003-07-01,2.95,173.8,22.52848,5.1,183.7,96.7,99.4,0.328,97.6706649659864,30.76
2003-08-01,3.35,175.8,21.702248,5.4,184.5,96.7,99.4,0.329,100.349578214286,31.57
2003-09-01,3.39,178.4,16.184519,6.6,185.1,96.2,99.8,0.317,103.238455272109,28.31
2003-10-01,3.44,180.7,11.473907,5.7,184.9,96.3,100.0,0.288,104.205951552795,30.34
2003-11-01,3.61,182.0,3.1130917,5.7,185.0,96.8,100.5,0.285,108.10048487395,31.11
2003-12-01,3.68,185.6,-1.2434791,6.6,185.5,97.5,100.8,0.287,111.992209586466,32.13
2004-01-01,3.68,192.6,-4.276922,8.4,186.3,99.0,101.5,0.307,116.245588293651,34.31
2004-02-01,3.77,198.4,-1.7791827,7.1,186.7,99.4,102.2,0.302,122.932429135338,34.69
2004-03-01,3.83,199.3,4.742953,10.6,187.1,100.2,103.0,0.3,128.460194875776,36.74
2004-04-01,3.88,200.2,9.318927,7.4,187.4,100.4,103.7,0.283,133.439499659864,36.75
2004-05-01,3.82,194.6,15.171243,6.1,188.2,101.9,104.1,0.297,129.285215714286,40.28
2004-06-01,3.08,197.7,19.240074,4.6,188.9,101.7,103.4,0.312,123.278751020408,38.03
2004-07-01,3.37,200.2,21.691902,3.0,189.1,102.1,103.9,0.324,104.49448877551,40.78
2004-08-01,3.27,206.0,20.215052,4.0,189.2,103.6,103.4,0.324,104.0931375,44.9
2004-09-01,3.36,206.3,16.546547,1.5,189.8,104.1,103.8,0.307,97.7269052721088,45.94
2004-10-01,3.43,214.0,10.753618,0.5,190.8,105.8,104.4,0.299,93.4151484693877,53.28
2004-11-01,3.46,217.5,3.9363785,1.2,191.7,105.5,104.7,0.291,93.7585103383459,48.47
2004-12-01,3.4,220.1,-1.0421329,0.7,191.7,104.0,104.8,0.285,95.6085204081633,43.15
2005-01-01,3.43,220.2,-2.2138915,0.5,191.6,104.6,105.6,0.325,96.03875875,46.84
2005-02-01,3.36,219.6,0.017281244,3.2,192.4,105.5,105.7,0.326,94.3593936090225,48.15
2005-03-01,3.42,218.8,3.2683723,2.1,193.1,107.8,106.4,0.326,100.014011054422,54.19
2005-04-01,3.35,226.6,8.814579,1.6,193.7,108.8,106.9,0.322,96.4708717687075,52.98
2005-05-01,3.31,230.4,14.176364,1.4,193.6,107.9,106.7,0.329,95.364812414966,49.83
2005-06-01,3.55,232.8,19.65132,1.5,193.7,109.2,106.7,0.337,97.6152767857143,56.35
2005-07-01,3.2,228.4,22.70629,2.9,194.9,110.5,106.8,0.34,105.664287142857,59.0
2005-08-01,3.24,227.5,21.474274,4.7,196.1,112.1,106.6,0.341,99.2866364285714,64.99
2005-09-01,3.36,236.0,17.908884,4.6,198.8,114.4,107.5,0.329,97.0707683673469,65.59
2005-10-01,3.43,256.0,10.566692,7.7,199.1,114.5,108.3,0.311,101.551246088435,62.26
2005-11-01,3.45,266.9,3.5106435,9.1,198.1,112.3,107.6,0.298,95.9797064285714,58.32
2005-12-01,3.53,279.3,-1.6334668,11.4,198.1,112.3,107.7,0.303,102.676052210884,59.41
2006-01-01,3.52,284.7,-0.27760416,11.2,199.3,113.7,108.5,0.328,102.7904075,65.49
2006-02-01,3.66,272.7,-0.76827073,11.9,199.4,112.8,108.6,0.326,106.936502067669,61.63
2006-03-01,3.79,264.6,2.5785673,9.2,199.7,112.7,108.8,0.326,104.952080357143,62.69
2006-04-01,3.81,256.4,9.862658,9.3,200.7,115.1,109.6,0.32,107.910347368421,69.44
2006-05-01,4.09,251.4,15.155453,19.8,201.3,117.2,110.4,0.331,110.624682142857,70.84
2006-06-01,3.23,242.7,20.125322,20.1,201.8,117.3,111.2,0.336,109.612356632653,70.95
2006-07-01,3.88,231.9,23.063152,23.6,202.9,118.2,111.6,0.339,114.305610178571,74.41
2006-08-01,3.91,228.3,21.089811,16.5,203.8,118.8,112.1,0.341,115.277289285714,73.04
2006-09-01,4.06,225.2,16.045729,11.0,202.8,116.2,111.7,0.341,120.269894642857,63.8
2006-10-01,4.59,228.2,9.663309,9.8,201.9,113.3,111.4,0.321,142.262410714286,58.89
2006-11-01,4.59,228.5,3.299784,8.5,202.0,113.8,111.8,0.317,164.10640125,59.08
2006-12-01,4.52,233.0,-0.2462232,7.3,203.1,115.1,112.5,0.318,160.720734821429,61.96
2007-01-01,4.53,244.5,-3.108744,11.9,203.437,113.7,113.0,0.346,165.160018984962,54.51
2007-02-01,4.71,256.9,-2.420643,9.7,204.226,114.1,113.9,0.356,177.384885526316,59.28
2007-03-01,4.75,272.1,4.160882,10.1,205.288,115.9,114.7,0.357,169.583269727891,60.44
2007-04-01,4.89,283.4,8.549006,9.0,205.904,117.5,115.2,0.354,152.630566785714,63.98
2007-05-01,4.88,281.9,15.139254,12.3,206.755,118.6,115.5,0.351,160.139158928571,63.46
2007-06-01,3.98,283.1,19.967525,14.5,207.234,120.0,116.0,0.35,164.537264484127,67.49
2007-07-01,5.17,282.0,22.540686,18.0,207.603,121.5,116.1,0.353,147.216401315789,74.12
2007-08-01,5.64,273.8,22.25073,21.9,207.667,121.1,116.3,0.355,151.030785714286,72.36
2007-09-01,6.76,272.6,17.519402,20.7,208.547,121.8,116.7,0.36,160.125031578947,79.92
2007-10-01,7.65,285.2,11.159847,13.8,209.19,123.6,117.6,0.355,164.114103726708,85.8
2007-11-01,7.39,291.5,4.351275,17.6,210.834,127.5,118.7,0.388,171.113943392857,94.77
2007-12-01,7.71,314.5,-1.7367761,7.9,211.445,127.3,119.3,0.398,180.283263655462,91.69
2008-01-01,7.96,338.6,-3.7869124,8.3,212.174,129.2,120.7,0.421,206.558804323308,92.97
2008-02-01,10.1,348.5,-1.820615,7.2,212.687,129.5,121.8,0.455,220.047597744361,95.39
2008-03-01,10.5,368.5,2.6670616,7.9,213.448,133.5,123.8,0.489,233.925929285714,105.45
2008-04-01,10.1,381.8,7.984417,7.4,213.942,137.3,124.4,0.518,246.6418625,112.58
2008-05-01,8.87,410.6,13.713589,6.7,215.208,141.2,124.8,0.534,243.531773571429,125.4
2008-06-01,5.03,437.9,19.521511,8.9,217.463,145.5,126.1,0.529,287.132070892857,133.88
2008-07-01,7.15,473.8,21.87766,7.8,219.016,147.5,128.0,0.544,267.141454081633,133.37
2008-08-01,7.61,491.9,20.688936,3.0,218.69,143.0,125.9,0.539,235.159466666667,116.67
2008-09-01,7.43,508.2,16.696436,5.9,218.877,137.8,124.9,0.532,233.945613392857,104.11
2008-10-01,6.65,498.3,9.311667,14.2,216.995,129.6,122.3,0.521,183.024702891156,76.61
2008-11-01,6.29,454.2,3.4137964,13.4,213.153,120.0,118.4,0.494,164.304400210084,57.31
2008-12-01,5.95,411.1,-2.381309,5.6,211.398,114.5,115.8,0.504,158.909796964286,41.12
2009-01-01,6.2,359.0,-3.753484,6.7,211.933,113.0,116.6,0.517,173.295129931973,41.71
2009-02-01,5.79,319.0,-0.49565613,7.6,212.705,113.0,116.3,0.509,163.399960515873,39.09
2009-03-01,5.71,293.5,2.6503875,5.6,212.495,113.6,115.5,0.503,164.577030357143,47.94
2009-04-01,5.75,308.6,8.227604,4.3,212.709,114.8,116.1,0.485,168.795905442177,49.65
2009-05-01,5.85,292.7,14.843495,4.2,213.022,116.8,116.6,0.515,180.070212142857,59.03
2009-06-01,7.62,264.8,18.990047,4.4,214.79,120.0,117.8,0.516,179.393794642857,69.64
2009-07-01,5.17,250.0,21.64175,4.2,214.726,119.3,117.4,0.519,151.800255357143,64.15
2009-08-01,4.85,246.2,20.530487,5.2,215.445,121.1,118.1,0.517,152.036294217687,71.05
2009-09-01,4.48,235.0,17.24124,8.3,215.861,121.3,117.9,0.51,150.592793027211,69.41
2009-10-01,4.47,243.6,8.642539,5.8,216.509,122.3,117.9,0.5,167.279121428571,75.72
2009-11-01,4.79,246.8,3.9763966,8.0,217.234,124.1,118.9,0.458,171.686854511278,77.99
2009-12-01,4.87,245.6,-3.2107005,4.3,217.347,124.4,119.7,0.464,164.612819642857,74.47
2010-01-01,4.9,255.8,-3.8255947,1.0,217.488,125.9,120.7,0.491,167.335630827068,78.33
2010-02-01,4.73,269.4,-2.3556123,2.0,217.281,125.8,120.3,0.496,161.906961278195,76.39
2010-03-01,4.7,274.8,3.2486923,4.2,217.353,126.3,121.2,0.479,158.927769409938,81.2
2010-04-01,4.41,289.9,9.604146,2.8,217.403,127.7,122.5,0.473,157.266642687075,84.29
2010-05-01,4.34,290.6,14.148252,2.8,217.29,126.7,123.1,0.485,163.240300535714,73.74
2010-06-01,5.72,286.0,20.0069,0.1,217.199,125.2,122.2,0.484,152.873933928571,75.34
2010-07-01,4.49,271.9,22.23981,1.4,217.605,125.2,122.0,0.484,163.921745578231,76.32
2010-08-01,5.44,279.4,21.883549,0.7,217.923,125.7,123.0,0.489,175.600130357143,76.6
2010-09-01,5.79,291.3,17.501978,2.7,218.275,125.7,123.7,0.483,205.839520408163,75.24
2010-10-01,5.88,310.1,11.065742,4.4,219.035,127.1,124.7,0.472,235.703122959184,81.89
2010-11-01,6.1,314.0,3.525329,4.6,219.59,129.2,126.6,0.446,238.23674875,84.25
2010-12-01,6.44,326.0,-2.9034207,6.5,220.472,131.0,127.5,0.441,250.62555085034,89.15
2011-01-01,6.69,341.2,-3.768891,6.2,221.187,133.0,129.1,0.477,265.285523979592,89.17
2011-02-01,7.42,357.2,-2.024362,9.2,221.898,135.3,130.8,0.494,293.396796992481,88.58
2011-03-01,7.55,373.7,3.1983085,7.5,223.046,139.3,132.7,0.508,290.43472173913,102.86
2011-04-01,8.01,386.5,8.690683,13.0,224.093,142.9,133.8,0.5,318.938776020408,109.53
2011-05-01,8.16,395.7,13.675299,18.5,224.806,143.1,134.3,0.521,308.575221428571,100.9
2011-06-01,4.16,405.4,19.71462,23.4,224.806,142.2,134.5,0.528,310.536474285714,96.26
2011-07-01,7.1,413.4,22.89294,21.5,225.395,142.4,134.0,0.533,300.832209464286,97.3
2011-08-01,7.59,413.2,22.129547,22.8,226.106,141.9,134.6,0.537,310.307111645963,86.33
2011-09-01,7.54,419.0,17.25473,19.7,226.597,141.7,135.3,0.55,296.299496428571,85.52
2011-10-01,7.27,430.8,10.658616,18.4,226.75,141.2,132.6,0.542,274.846376020408,86.32
2011-11-01,7.3,441.1,2.8707988,16.8,227.169,142.2,132.7,0.517,274.278348928571,97.16
2011-12-01,7.2,443.5,-0.6935133,14.3,227.223,142.2,132.1,0.51,258.51794047619,98.56
2012-01-01,7.05,430.6,-2.3465538,13.7,227.842,142.2,132.5,0.528,272.920145535714,100.27
2012-02-01,7.1,410.4,0.53979343,15.3,228.329,142.2,133.1,0.528,279.514321428571,102.2
2012-03-01,7.2,405.8,5.90021,11.5,228.807,144.2,134.1,0.519,280.715051964286,106.16
2012-04-01,7.11,425.7,10.350671,10.2,229.187,144.1,134.7,0.515,274.219296607143,103.32
2012-05-01,6.67,451.5,15.583132,7.3,228.713,142.0,134.0,0.513,268.884903571429,94.66
2012-06-01,7.41,455.9,20.512323,11.0,228.524,138.7,131.7,0.519,267.328921768707,82.3
2012-07-01,7.89,451.3,23.197271,14.6,228.59,137.7,132.2,0.516,332.99885255102,87.9
2012-08-01,8.04,433.6,21.674444,19.2,229.918,139.4,133.4,0.531,332.233495341615,94.13
2012-09-01,8.27,432.6,17.18737,23.6,231.015,140.8,134.5,0.528,320.705905639098,94.51
2012-10-01,8.38,436.1,9.907845,22.6,231.638,141.2,134.6,0.509,321.382417321428,89.49
2012-11-01,8.47,433.9,3.2666364,26.9,231.249,140.2,133.8,0.497,321.596870488722,86.53
2012-12-01,8.3,437.7,-1.0976145,25.6,231.221,139.4,133.6,0.5,308.75040056391,87.86
2013-01-01,8.12,442.6,-2.463198,24.3,231.679,140.1,134.1,0.524,303.36021122449,94.76
2013-02-01,7.97,448.7,-1.3753012,21.1,232.937,141.3,135.1,0.524,302.61034047619,95.31
2013-03-01,7.79,444.3,2.2309268,19.6,232.282,141.2,134.4,0.499,309.579205075188,92.94
2013-04-01,7.71,462.2,7.1725307,17.9,231.797,140.2,133.6,0.522,279.764846428571,92.02
2013-05-01,7.68,470.4,14.07369,12.5,231.893,139.4,132.9,0.53,295.368975,94.51
2013-06-01,6.7,450.3,20.402716,15.7,232.445,138.8,132.8,0.533,297.111913214286,95.77
2013-07-01,6.95,428.3,22.216576,7.1,232.9,138.9,132.6,0.53,279.013271428571,104.67
2013-08-01,6.88,384.5,21.171143,5.7,233.456,139.4,131.9,0.529,234.938766071429,106.57
2013-09-01,6.8,375.0,17.14623,6.1,233.544,139.8,132.4,0.522,207.490173392857,106.29
2013-10-01,6.94,369.4,10.141688,5.5,233.669,138.9,131.6,0.516,201.779992857143,100.54
2013-11-01,6.85,369.2,2.665825,4.3,234.1,137.7,131.8,0.517,199.182444172932,93.86
2013-12-01,6.73,365.2,-3.0278254,4.8,234.719,137.8,132.3,0.513,197.553448639456,97.63
2014-01-01,6.65,364.9,-2.3699605,6.2,235.288,138.3,132.7,0.543,198.771988605442,94.62
2014-02-01,6.5,382.0,-2.393593,6.7,235.547,139.8,133.7,0.555,209.356019548872,100.82
2014-03-01,6.74,389.6,2.4000506,7.7,236.028,140.5,134.9,0.551,222.392917176871,100.8
2014-04-01,6.82,401.0,8.923371,6.5,236.468,139.7,133.5,0.547,222.430410714286,102.07
2014-05-01,7.08,420.0,14.797938,9.0,236.918,140.1,133.7,0.532,216.975101020408,102.18
2014-06-01,7.37,403.8,19.230867,12.5,237.231,140.5,133.0,0.532,202.633822959184,105.79
2014-07-01,6.15,389.9,21.3933,7.6,237.498,140.1,133.1,0.527,182.29451625,103.59
2014-08-01,5.97,380.4,20.710732,6.6,237.46,139.0,132.4,0.531,176.482080612245,96.54
2014-09-01,5.71,376.4,16.930607,2.3,237.477,137.9,131.9,0.513,163.134381292517,93.21
2014-10-01,5.71,371.9,11.090343,1.0,237.43,136.0,130.7,0.501,163.378089285714,84.4
2014-11-01,6.04,373.3,2.2583656,0.9,236.983,133.5,129.5,0.515,178.708535084034,75.79
2014-12-01,6.14,376.8,0.40623632,0.2,236.252,130.1,128.3,0.511,178.712946088435,59.29
2015-01-01,6.15,379.9,-2.130782,0.4,234.747,126.0,126.1,0.545,174.794871428571,47.22
2015-02-01,5.89,378.4,-1.5582851,1.3,235.342,125.5,125.9,0.525,173.758865789474,50.58
2015-03-01,5.7,371.2,4.6479716,4.7,235.976,125.3,125.9,0.518,174.293821428571,47.82
2015-04-01,5.56,372.6,9.74916,4.2,236.222,125.1,125.1,0.509,172.151577040816,54.45
2015-05-01,5.33,376.4,14.881978,2.9,237.001,126.5,125.7,0.52,166.350389464286,59.27
2015-06-01,6.49,377.0,20.54416,2.0,237.657,126.6,125.3,0.519,166.813860714286,59.82
2015-07-01,5.23,363.2,21.957773,1.4,238.034,125.4,124.8,0.515,179.608530357143,50.9
2015-08-01,4.84,348.3,21.089792,2.6,238.033,123.2,123.0,0.524,162.74069914966,42.87
2015-09-01,4.72,360.0,17.933317,7.0,237.498,121.9,122.3,0.517,166.077623979592,45.48
2015-10-01,4.86,347.3,11.803592,3.9,237.733,121.5,122.0,0.511,171.448573214286,46.22
2015-11-01,4.86,344.3,4.393361,3.9,238.017,120.8,121.1,0.496,166.09242406015,42.44
2015-12-01,4.75,353.1,0.77242833,0.6,237.761,119.3,119.8,0.501,164.004401785714,37.19
2016-01-01,4.82,338.0,-1.5555596,0.5,237.652,117.8,118.7,0.522,161.098876879699,31.68
2016-02-01,4.61,323.2,1.7139809,0.6,237.336,117.2,118.2,0.522,159.716845357143,30.32
2016-03-01,4.4,314.3,5.954588,0.4,238.08,117.7,118.1,0.512,159.226532142857,37.55
2016-04-01,4.46,319.5,10.091528,0.3,238.992,118.5,118.7,0.521,164.465401870748,40.75
2016-05-01,4.45,320.6,14.704148,0.2,239.557,119.9,120.0,0.525,169.002119897959,46.71
2016-06-01,5.42,312.0,20.889801,0.7,240.222,120.7,120.9,0.529,179.912739285714,48.76
2016-07-01,3.75,290.1,22.85412,1.6,240.101,120.8,121.1,0.543,161.823044821429,44.65
2016-08-01,3.68,270.3,21.64751,1.0,240.545,120.5,120.1,0.546,150.21541242236,44.72
2016-09-01,3.48,263.7,17.629316,3.8,241.176,120.6,120.5,0.547,148.51190170068,45.18
2016-10-01,3.68,263.2,12.078096,4.4,241.741,121.2,120.7,0.523,152.617444047619,49.78
2016-11-01,3.88,265.5,5.701624,5.6,242.026,121.1,120.8,0.507,151.331415714286,45.66
2016-12-01,3.9,267.3,-1.9149151,3.5,242.637,121.6,121.3,0.503,152.729924659864,51.97
2017-01-01,4.01,270.6,-1.8732328,3.1,243.618,122.3,121.6,0.53,160.012106964286,52.5
2017-02-01,4.16,288.0,1.9183359,4.0,244.006,122.7,122.0,0.526,162.962535912698,53.47
2017-03-01,4.37,297.3,4.0456843,3.7,243.892,122.5,122.1,0.531,158.979119254658,49.33
2017-04-01,4.16,304.5,10.190167,1.9,244.193,122.8,122.4,0.516,156.540452067669,51.06
2017-05-01,4.05,299.8,14.570052,0.8,244.004,122.7,121.7,0.517,158.600219642857,48.48
2017-06-01,4.2,296.7,20.246443,1.4,244.163,122.4,121.6,0.507,157.973907142857,45.18
2017-07-01,4.77,282.4,23.080124,3.3,244.243,122.2,122.2,0.512,157.610645892857,46.63
2017-08-01,4.84,263.8,20.67805,3.1,245.183,122.9,122.9,0.512,148.543430357143,48.04
2017-09-01,4.65,258.6,17.32136,2.6,246.435,123.9,123.9,0.505,147.315857857143,49.82
2017-10-01,4.64,264.3,11.073573,4.2,246.626,124.1,124.0,0.5,148.722376785714,51.58
2017-11-01,4.72,278.7,4.6774616,7.4,247.284,125.3,124.6,0.469,148.792165892857,56.64
2017-12-01,4.5,290.9,-0.40826523,9.5,247.805,125.5,124.7,0.462,149.0874275,57.88
2018-01-01,4.65,292.1,-2.24993,11.6,248.859,126.5,125.6,0.471,155.916875340136,63.7
2018-02-01,4.92,307.7,0.0045755045,12.8,249.529,126.8,125.8,0.47,163.460969736842,62.23
2018-03-01,5.1,307.5,3.6745238,8.1,249.577,126.5,126.3,0.468,172.076589965986,62.73
2018-04-01,5.28,307.8,7.8231215,10.5,250.227,127.1,126.9,0.472,175.600982482993,66.25
2018-05-01,5.39,305.3,16.59505,12.5,250.792,128.2,127.8,0.469,179.179058928571,69.98
2018-06-01,4.37,301.4,20.531963,16.9,251.018,128.2,128.0,0.469,165.140285544218,67.87
2018-07-01,5,293.9,22.849,12.3,251.214,128.1,127.4,0.468,156.55426547619,70.98
2018-08-01,5.31,295.1,21.391293,9.5,251.663,127.6,127.3,0.464,162.522258540373,68.06
2018-09-01,5.15,298.4,17.952377,6.5,252.182,127.7,127.3,0.467,154.945003383459,70.23
2018-10-01,5.22,310.1,10.391174,2.7,252.772,128.3,127.9,0.453,160.365565062112,70.75
2018-11-01,5.23,318.6,2.5348487,2.5,252.594,126.2,126.9,0.433,160.878207678571,56.96
2018-12-01,5.28,321.9,-0.498779,2.5,252.767,124.4,126.1,0.437,167.489880555556,49.52
2019-01-01,5.28,321.9,-2.3074663,3.1,252.561,124.6,125.3,0.439,166.846241496599,51.38
2019-02-01,5.33,332.5,-1.5019802,0.8,253.319,125.9,126.1,0.443,169.656283458647,54.95
2019-03-01,5.19,329.2,3.342292,1.8,254.277,126.6,127.0,0.445,166.321331972789,58.15
2019-04-01,4.93,326.5,9.630006,0.6,255.233,126.8,127.1,0.434,161.653386564626,63.86
2019-05-01,4.78,325.6,14.192135,0.4,255.296,127.0,126.7,0.454,171.180153571429,60.83
2019-06-01,5.19,318.2,19.624065,0.4,255.213,125.6,126.0,0.448,195.167922321429,54.66
2019-07-01,4.52,312.2,22.812262,0.7,255.802,125.6,126.2,0.454,189.486373214286,57.35
2019-08-01,4.34,300.4,21.699303,1.2,256.036,124.9,125.5,0.45,163.628614285714,54.81
2019-09-01,4.26,297.3,18.599184,3.3,256.43,125.0,125.1,0.449,157.374436607143,56.95
2019-10-01,4.45,299.0,9.468817,1.9,257.155,124.5,125.1,0.432,167.297794099379,53.96
2019-11-01,4.39,294.5,3.0085816,1.9,257.879,124.7,125.2,0.417,166.361785526316,57.03
2019-12-01,4.64,277.4,-0.36916402,0.9,258.63,125.0,125.0,0.429,167.059017321429,59.88
2020-01-01,4.88,280.8,-1.7636682,1.2,259.127,125.2,125.8,0.438,171.814135204082,57.52
2020-02-01,4.88,279.9,-0.8965415,7.5,259.25,124.3,124.3,0.438,168.744598496241,50.54
2020-03-01,4.86,282.5,4.787855,6.8,258.076,121.3,122.5,0.442,162.179148214286,29.21
2020-05-01,4.76,294.2,14.967557,6.2,255.802,119.0,118.2,0.461,143.98924375,28.56
2020-06-01,4.81,285.3,20.20941,7.3,257.042,120.6,120.3,0.468,148.042380357143,38.31
2020-07-01,4.54,280.9,22.808058,6.6,258.352,122.1,121.5,0.461,152.587619642857,40.71
2020-08-01,4.54,277.9,22.287207,13.2,259.316,123.2,122.1,0.459,149.392999829932,42.34
2020-09-01,4.73,280.7,17.145977,21.8,259.997,123.4,122.8,0.451,166.602533503401,39.63
2020-10-01,4.98,286.6,10.388611,24.4,260.319,123.3,123.0,0.452,186.7663875,39.4
2020-11-01,5.24,286.0,5.0629487,23.4,260.911,123.4,124.0,0.445,190.625037593985,40.94
2020-12-01,5.46,292.1,-0.41147608,28.4,262.045,124.6,125.5,0.45,199.184417517007,47.02
2021-01-01,5.48,307.5,-0.9636785,25.4,262.639,126.5,128.9,0.446,231.754461466165,52.0
2021-02-01,5.83,325.3,-3.6209807,26.5,263.573,128.0,131.0,0.44,245.554056578947,59.04
2021-03-01,5.86,333.8,4.219833,29.3,264.847,129.9,134.3,0.436,245.760356832298,62.33
2021-04-01,6.04,352.7,8.859586,31.9,266.625,131.1,135.9,0.437,268.622448809524,61.72
2021-05-01,6.46,366.5,14.416773,24.6,268.404,132.8,139.0,0.439,304.297549659864,65.17
2021-06-01,4.57,407.4,21.323225,25.2,270.71,134.2,140.6,0.356,292.523726785714,71.38
2021-07-01,6.26,419.08,22.683842,20.2,271.965,134.6,142.1,0.368,278.445755612245,72.49
2021-08-01,7.14,411.683,21.578009,16.1,272.752,134.3,142.4,0.371,257.020755357143,67.73
2021-09-01,7.75,421.322,17.846388,15.2,273.942,134.9,142.8,0.382,235.815603571429,71.65
2021-10-01,7.92,483.638,11.455544,8.4,276.528,136.9,145.5,0.396,239.60245085034,81.48
2021-11-01,8.52,539.354,3.639175,9.8,278.824,137.9,146.5,0.386,248.767746071429,79.15
2021-12-01,8.59,615.938,1.1913205,5.9,280.806,137.4,144.2,0.388,264.573146768707,71.71
2022-01-01,8.48,642.987,-3.3727252,4.9,282.542,140.1,148.2,0.424,276.719178214286,83.22
2022-02-01,9.16,677.307,-1.6219887,7.9,284.525,142.6,153.0,0.428,292.671593045113,91.64
2022-03-01,9.93,716.375,4.2809362,7.3,287.467,146.8,159.0,0.448,335.930684161491,108.5
2022-04-01,10.2,774.068,8.488442,13.2,288.582,147.5,160.6,0.455,348.507116964286,101.78
2022-05-01,10.9,767.485,15.128978,16.4,291.299,148.2,164.9,0.456,344.909299603175,109.55
2022-06-01,6.23,726.341,20.608007,15.7,295.072,148.5,166.7,0.498,335.717134013605,114.84
2022-07-01,8.69,646.451,23.184889,20.5,294.94,146.4,160.5,0.533,312.682041964286,101.62
2022-08-01,8.55,635.73,21.801897,10.8,295.162,144.6,158.3,0.549,293.930790333851,93.67
2022-09-01,8.78,625.752,18.170912,15.8,296.421,143.1,156.8,0.556,312.546127891156,84.26
2022-10-01,9.18,657.695,10.723488,13.4,297.979,142.7,156.0,0.534,343.553283333333,87.55
2022-11-01,9.15,676.643,2.6808946,8.2,298.708,141.6,155.4,0.524,320.929682857143,84.37
2022-12-01,8.97,653.888,-1.6682689,6.9,298.808,141.8,150.8,0.522,302.235405102041,76.44
2023-01-01,8.81,605.75,-0.5443969,3.5,300.456,141.3,151.1,0.54,302.839988392857,78.12
2023-02-01,8.54,543.66,-0.4384129,5.1,301.476,141.0,151.7,0.55,298.245303383459,76.83
2023-03-01,8.35,493.804,2.3750653,5.0,301.643,139.9,151.1,0.546,284.957404968944,73.28
2023-04-01,8.31,461.176,7.91962,7.3,302.858,140.3,151.0,0.542,291.179744924812,79.45
2023-05-01,8.07,429.743,15.296378,4.1,303.316,139.7,147.9,0.544,268.172526360544,71.58
2023-06-01,9.61,376.106,19.386423,2.7,304.099,139.4,147.0,0.551,266.93523962585,70.25
2023-07-01,7.61,371.452,23.168596,4.2,304.615,139.4,147.5,0.564,235.271947278912,76.07
2023-08-01,7.34,366.509,22.189846,6.5,306.138,140.3,149.2,0.566,207.675888664596,81.39
2023-09-01,7.06,365.15,17.964678,8.6,307.374,141.0,150.0,0.565,223.847666428571,89.43
2023-10-01,6.96,393.366,11.079592,9.2,307.653,140.1,148.6,0.562,221.90251875,85.64
2023-11-01,6.52,402.619,4.680232,11.4,308.087,139.4,147.5,0.541,209.040296830357,77.69
2023-12-01,6.79,424.022,1.1658766,13.1,308.735,138.4,146.5,0.538,207.397968890977,71.9
2024-01-01,6.77,410.413,-2.7272227,8.0,309.794,139.4,147.5,0.554,198.757928528912,74.15
2024-02-01,6.34,388.291,1.9572763,6.6,311.022,139.7,148.6,0.558,188.947744464286,77.25
2024-03-01,6.01,402.613,4.290544,3.3,312.107,140.5,148.8,0.565,190.227211428571,81.28
2024-04-01,5.9,407.854,9.773721,1.3,313.016,141.7,149.8,0.574,190.90005,85.35
2024-05-01,6.19,402.671,14.883865,1.0,313.14,141.5,148.8,0.57,201.019470535714,80.02
2024-06-01,7.67,386.077,20.794046,1.1,313.131,141.6,148.4,0.575,191.240942946429,79.77
2024-07-01,5.52,381.935,22.56305,2.8,313.566,141.8,149.2,0.574,177.767708446429,81.8
2024-08-01,5.23,375.851,21.362272,2.8,314.131,141.4,148.2,0.574,169.296742410714,76.68
2024-09-01,5.36,373.451,18.20433,2.7,314.851,140.9,147.3,0.573,183.655827659774,70.24
2024-10-01,5.47,386.584,12.209506,2.9,315.564,141.1,148.8,0.566,189.587905861801,71.99
2024-11-01,5.45,384.485,4.3120155,5.7,316.449,141.3,148.8,0.552,201.308270188492,69.95
2024-12-01,5.49,414.526,0.94223034,7.1,317.603,141.4,149.5,0.548,202.829961026786,70.12
2025-01-01,5.52,406.163,-3.0594468,12.0,319.086,141.7,151.6,0.561,214.359926785714,75.74
2025-02-01,5.59,409.972,-0.6777566,15.9,319.775,142.0,152.4,0.561,221.25454431391,71.53
